model_name,environment,checkpoint_model_id,configuration,tasks,episodes,successes,success_rate_pct,avg_steps,avg_policy_calls,avg_reuses,policy_median_latency_ms,policy_p95_latency_ms,cycle_median_latency_ms,cycle_p95_latency_ms,avg_episode_time_s,control_frequency_hz,action_repeat,depth_layers,selected_depth_layers,fusion_keyframe_interval,fusion_max_reuse_fraction,median_reusable_visual_tokens
univla_libero,Libero Long,/home/soumyara004/soumyaratnadebnath/VisionLanguageAction/models/UniVLA/weights/UNIVLA_LIBERO_VIDEO_BS192_8K,original,10,100,86,86,280.36,28.44,0.0,454.496,635.209,573.526,760.93,16.78,1.695,2,1,N/A,N/A,N/A,0.0
univla_libero,Libero Long,/home/soumyara004/soumyaratnadebnath/VisionLanguageAction/models/UniVLA/weights/UNIVLA_LIBERO_VIDEO_BS192_8K,fixed_foveation_keep50,10,100,90,90,268.88,27.32,0.0,454.055,636.104,580.931,771.684,16.29,1.677,2,1,N/A,N/A,N/A,0.0
univla_libero,Libero Long,/home/soumyara004/soumyaratnadebnath/VisionLanguageAction/models/UniVLA/weights/UNIVLA_LIBERO_VIDEO_BS192_8K,action_repeat2,10,100,27,27,465.5,23.42,234.2,455.152,628.446,700.237,895.852,16.71,1.401,2,1,N/A,N/A,N/A,0.0
univla_libero,Libero Long,/home/soumyara004/soumyaratnadebnath/VisionLanguageAction/models/UniVLA/weights/UNIVLA_LIBERO_VIDEO_BS192_8K,depth_pruning2,10,100,89,89,282.61,28.66,0.0,427.946,599.258,547.705,734.262,16.17,1.773,2,2,19;21,N/A,N/A,0.0
univla_libero,Libero Long,/home/soumyara004/soumyaratnadebnath/VisionLanguageAction/models/UniVLA/weights/UNIVLA_LIBERO_VIDEO_BS192_8K,guarded_reuse_aggressive,10,100,86,86,281.23,28.34,0.17,450.556,629.093,558.819,747.232,16.37,1.741,2,1,N/A,N/A,N/A,0.0
univla_libero,Libero Long,/home/soumyara004/soumyaratnadebnath/VisionLanguageAction/models/UniVLA/weights/UNIVLA_LIBERO_VIDEO_BS192_8K,temporal_fusion_task_aware,10,100,87,87,281.91,28.56,0.0,511.759,700.055,621.904,828.622,18.29,1.561,2,1,N/A,3,0.5,143
univla_libero,LIBERO-Goal,/home/soumyara004/soumyaratnadebnath/VisionLanguageAction/models/UniVLA/weights/UNIVLA_LIBERO_VIDEO_BS192_8K,original,10,100,92,92,122.58,12.66,0.0,487.914,643.491,625.057,780.822,7.98,1.586,2,1,N/A,N/A,N/A,0.0
univla_libero,LIBERO-Goal,/home/soumyara004/soumyaratnadebnath/VisionLanguageAction/models/UniVLA/weights/UNIVLA_LIBERO_VIDEO_BS192_8K,fixed_foveation_keep50,10,100,99,99,114.37,11.86,0.0,471.88,645.699,624.041,782.718,7.49,1.584,2,1,N/A,N/A,N/A,0.0
univla_libero,LIBERO-Goal,/home/soumyara004/soumyaratnadebnath/VisionLanguageAction/models/UniVLA/weights/UNIVLA_LIBERO_VIDEO_BS192_8K,action_repeat2,10,100,34,34,244.05,12.34,123.4,497.332,666.898,770.81,954.213,9.7,1.272,2,1,N/A,N/A,N/A,0.0
univla_libero,LIBERO-Goal,/home/soumyara004/soumyaratnadebnath/VisionLanguageAction/models/UniVLA/weights/UNIVLA_LIBERO_VIDEO_BS192_8K,depth_pruning1,10,100,93,93,121.69,12.53,0.0,474.858,637.756,607.282,766.791,7.69,1.629,2,1,19,N/A,N/A,0.0
univla_libero,LIBERO-Goal,/home/soumyara004/soumyaratnadebnath/VisionLanguageAction/models/UniVLA/weights/UNIVLA_LIBERO_VIDEO_BS192_8K,guarded_reuse_moderate,10,100,93,93,121.54,12.56,0.0,482.56,628.428,612.278,768.291,7.79,1.612,2,1,N/A,N/A,N/A,0.0
univla_libero,LIBERO-Goal,/home/soumyara004/soumyaratnadebnath/VisionLanguageAction/models/UniVLA/weights/UNIVLA_LIBERO_VIDEO_BS192_8K,temporal_fusion_motion_entropy,10,100,95,95,122.07,12.63,0.0,480.907,650.162,615.005,795.506,7.93,1.593,2,1,N/A,3,0.5,312
univla_libero,LIBERO-Object,/home/soumyara004/soumyaratnadebnath/VisionLanguageAction/models/UniVLA/weights/UNIVLA_LIBERO_VIDEO_BS192_8K,original,10,100,96,96,145.82,14.98,0.0,471.347,664.064,589.388,782.328,9.1,1.645,2,1,N/A,N/A,N/A,0.0
univla_libero,LIBERO-Object,/home/soumyara004/soumyaratnadebnath/VisionLanguageAction/models/UniVLA/weights/UNIVLA_LIBERO_VIDEO_BS192_8K,fixed_foveation_keep20,10,100,100,100,136.04,13.98,0.0,457.248,660.685,593.511,795.686,8.57,1.632,2,1,N/A,N/A,N/A,0.0
univla_libero,LIBERO-Object,/home/soumyara004/soumyaratnadebnath/VisionLanguageAction/models/UniVLA/weights/UNIVLA_LIBERO_VIDEO_BS192_8K,action_repeat2,10,100,21,21,266.12,13.41,134.1,483.359,670.566,721.154,938.902,10.01,1.34,2,1,N/A,N/A,N/A,0.0
univla_libero,LIBERO-Object,/home/soumyara004/soumyaratnadebnath/VisionLanguageAction/models/UniVLA/weights/UNIVLA_LIBERO_VIDEO_BS192_8K,depth_pruning1,10,100,99,99,143.23,14.78,0.0,455.215,651.262,577.846,782.202,8.83,1.674,2,1,19,N/A,N/A,0.0
univla_libero,LIBERO-Object,/home/soumyara004/soumyaratnadebnath/VisionLanguageAction/models/UniVLA/weights/UNIVLA_LIBERO_VIDEO_BS192_8K,guarded_reuse_aggressive,10,100,96,96,145.82,14.98,0.0,464.96,664.666,587.873,789.638,9.08,1.65,2,1,N/A,N/A,N/A,0.0
univla_libero,LIBERO-Object,/home/soumyara004/soumyaratnadebnath/VisionLanguageAction/models/UniVLA/weights/UNIVLA_LIBERO_VIDEO_BS192_8K,temporal_fusion_motion_entropy,10,100,98,98,142.56,14.64,0.0,455.903,658.53,576.915,777.082,8.75,1.673,2,1,N/A,3,0.5,312
univla_libero,LIBERO-Spatial,/home/soumyara004/soumyaratnadebnath/VisionLanguageAction/models/UniVLA/weights/UNIVLA_LIBERO_VIDEO_BS192_8K,original,10,100,95,95,108.31,11.27,0.0,502.401,694.469,695.601,883.834,7.83,1.41,2,1,N/A,N/A,N/A,0.0
univla_libero,LIBERO-Spatial,/home/soumyara004/soumyaratnadebnath/VisionLanguageAction/models/UniVLA/weights/UNIVLA_LIBERO_VIDEO_BS192_8K,fixed_foveation_keep50,10,100,96,96,108.93,11.29,0.0,508.64,687.005,698.213,887.052,8.05,1.403,2,1,N/A,N/A,N/A,0.0
univla_libero,LIBERO-Spatial,/home/soumyara004/soumyaratnadebnath/VisionLanguageAction/models/UniVLA/weights/UNIVLA_LIBERO_VIDEO_BS192_8K,action_repeat2,10,100,27,27,208.63,10.55,105.5,525.242,700.798,903.456,1104.862,9.68,1.09,2,1,N/A,N/A,N/A,0.0
univla_libero,LIBERO-Spatial,/home/soumyara004/soumyaratnadebnath/VisionLanguageAction/models/UniVLA/weights/UNIVLA_LIBERO_VIDEO_BS192_8K,depth_pruning1,10,100,96,96,107.83,11.18,0.0,494.037,676.695,678.102,855.343,7.72,1.448,2,1,19,N/A,N/A,0.0
univla_libero,LIBERO-Spatial,/home/soumyara004/soumyaratnadebnath/VisionLanguageAction/models/UniVLA/weights/UNIVLA_LIBERO_VIDEO_BS192_8K,guarded_reuse_aggressive,10,100,95,95,108.31,11.27,0.0,503.558,690.597,686.978,867.084,7.86,1.434,2,1,N/A,N/A,N/A,0.0
univla_libero,LIBERO-Spatial,/home/soumyara004/soumyaratnadebnath/VisionLanguageAction/models/UniVLA/weights/UNIVLA_LIBERO_VIDEO_BS192_8K,temporal_fusion_conservative_adaptive,10,100,95,95,108.31,11.27,0.0,498.786,677.162,682.986,866.353,7.82,1.442,2,1,N/A,2,0.25,0.0
openvla_libero,Libero Long,openvla-7b,original,10,100,56,56,396.79,396.79,0.0,156.101,157.552,158.417,159.875,68.07,5.829,2,1,N/A,N/A,N/A,0.0
openvla_libero,Libero Long,openvla-7b,fixed_foveation_keep50,10,100,44,44,410.31,410.31,0.0,157.163,159.726,165.256,168.82,73.26,5.6,2,1,N/A,N/A,N/A,0.0
openvla_libero,Libero Long,openvla-7b,action_repeat2,10,100,46,46,407.47,203.85,203.62,156.735,158.257,157.213,160.171,37.96,10.735,2,1,N/A,N/A,N/A,0.0
openvla_libero,Libero Long,openvla-7b,depth_pruning1,10,100,53,53,398.62,398.62,0.0,153.09,155.118,155.407,157.453,67.12,5.939,2,1,23,N/A,N/A,0.0
openvla_libero,Libero Long,openvla-7b,guarded_reuse_strict,10,100,51,51,397.87,383.5,14.37,157.001,158.553,159.795,161.515,66.38,5.994,2,1,N/A,N/A,N/A,0.0
openvla_libero,Libero Long,openvla-7b,temporal_fusion_motion_entropy,10,100,49,49,410.34,410.34,0.0,157.322,160.458,160.359,163.371,70.95,5.784,2,1,N/A,3,0.5,128
openvla_libero,LIBERO-Goal,openvla-7b,original,10,100,75,75,157.59,157.59,0.0,159.603,160.77,161.915,163.082,27.75,5.679,2,1,N/A,N/A,N/A,0.0
openvla_libero,LIBERO-Goal,openvla-7b,fixed_foveation_keep50,10,100,75,75,157.29,157.29,0.0,158.755,160.58,166.696,169.426,28.52,5.515,2,1,N/A,N/A,N/A,0.0
openvla_libero,LIBERO-Goal,openvla-7b,action_repeat2,10,100,68,68,175.16,87.74,87.42,159.713,161.181,159.759,162.928,16.86,10.387,2,1,N/A,N/A,N/A,0.0
openvla_libero,LIBERO-Goal,openvla-7b,depth_pruning1,10,100,72,72,165.43,165.43,0.0,153.377,154.635,155.687,156.958,28.21,5.865,2,1,17,N/A,N/A,0.0
openvla_libero,LIBERO-Goal,openvla-7b,guarded_reuse_aggressive,10,100,72,72,163.88,145.59,18.29,158.107,159.319,160.988,162.241,25.87,6.336,2,1,N/A,N/A,N/A,0.0
openvla_libero,LIBERO-Goal,openvla-7b,temporal_fusion_conservative_adaptive,10,100,77,77,158.66,158.66,0.0,159.206,160.737,161.911,163.634,27.96,5.675,2,1,N/A,2,0.25,64
openvla_libero,LIBERO-Object,openvla-7b,original,10,100,87,87,165.89,165.89,0.0,157.224,158.481,159.54,160.796,28.84,5.752,2,1,N/A,N/A,N/A,0.0
openvla_libero,LIBERO-Object,openvla-7b,fixed_foveation_keep50,10,100,86,86,166.18,166.18,0.0,157.836,163.632,165.999,172.742,29.93,5.552,2,1,N/A,N/A,N/A,0.0
openvla_libero,LIBERO-Object,openvla-7b,action_repeat2,10,100,84,84,173.96,87.22,86.74,156.752,157.97,157.482,159.914,16.31,10.668,2,1,N/A,N/A,N/A,0.0
openvla_libero,LIBERO-Object,openvla-7b,depth_pruning1,10,100,85,85,170.03,170.03,0.0,152.469,154.564,154.783,156.891,28.63,5.94,2,1,17,N/A,N/A,0.0
openvla_libero,LIBERO-Object,openvla-7b,guarded_reuse_aggressive,10,100,85,85,167.1,151.02,16.08,157.364,161.328,160.175,164.282,26.49,6.307,2,1,N/A,N/A,N/A,0.0
openvla_libero,LIBERO-Object,openvla-7b,temporal_fusion_task_aware,10,100,86,86,165.91,165.91,0.0,169.888,171.197,172.901,174.284,30.8,5.387,2,1,N/A,3,0.5,65
openvla_libero,LIBERO-Spatial,openvla-7b,original,10,100,78,78,133.91,133.91,0.0,160.146,161.145,162.448,163.433,24.24,5.525,2,1,N/A,N/A,N/A,0.0
openvla_libero,LIBERO-Spatial,openvla-7b,fixed_foveation_keep50,10,100,83,83,129.4,129.4,0.0,159.542,163.2,167.573,172.126,24.21,5.346,2,1,N/A,N/A,N/A,0.0
openvla_libero,LIBERO-Spatial,openvla-7b,action_repeat2,10,100,72,72,142.05,71.19,70.86,159.658,161.61,159.918,163.337,14.37,9.886,2,1,N/A,N/A,N/A,0.0
openvla_libero,LIBERO-Spatial,openvla-7b,depth_pruning1,10,100,62,62,149.98,149.98,0.0,153.2,155.451,155.52,157.78,26.25,5.713,2,1,8,N/A,N/A,0.0
openvla_libero,LIBERO-Spatial,openvla-7b,guarded_reuse_strict,10,100,82,82,129.59,126.97,2.62,158.822,160.137,161.615,163.002,23,5.634,2,1,N/A,N/A,N/A,0.0
openvla_libero,LIBERO-Spatial,openvla-7b,temporal_fusion_motion_entropy,10,100,85,85,125.72,125.72,0.0,158.862,159.978,161.754,163.045,22.73,5.531,2,1,N/A,3,0.5,124
smolvla_libero,Libero Long,SmolVLA-LIBERO,original,10,100,42,42,428.35,428.35,0.0,274.699,279.376,288.922,295.456,124,3.455,2,1,N/A,N/A,N/A,0
smolvla_libero,Libero Long,SmolVLA-LIBERO,fixed_foveation_keep50,10,100,21,21,477.84,477.84,0.0,277.819,281.055,305.848,312.616,146.45,3.263,2,1,N/A,N/A,N/A,0
smolvla_libero,Libero Long,SmolVLA-LIBERO,action_repeat2,10,100,31,31,443.45,221.8,221.65,278.117,280.136,286.798,294.949,67.46,6.573,2,1,N/A,N/A,N/A,0
smolvla_libero,Libero Long,SmolVLA-LIBERO,depth_pruning1,10,100,9,9,500.07,500.07,0.0,277.256,281.634,290.971,297.029,145.81,3.43,2,1,30,N/A,N/A,0
smolvla_libero,Libero Long,SmolVLA-LIBERO,guarded_reuse_aggressive,10,100,47,47,419.34,407.87,11.47,262.607,485.629,276.365,507.279,120.31,3.42,2,1,N/A,N/A,N/A,0
smolvla_libero,Libero Long,SmolVLA-LIBERO,temporal_fusion_motion_entropy,10,100,44,44,415.45,415.45,0.0,261.144,300.781,274.693,312.66,115.65,3.586,2,1,N/A,3,0.5,0
smolvla_libero,LIBERO-Goal,SmolVLA-LIBERO,original,10,100,80,80,147.66,147.66,0.0,278.882,284.949,294.455,301.529,43.66,3.382,2,1,N/A,N/A,N/A,0
smolvla_libero,LIBERO-Goal,SmolVLA-LIBERO,fixed_foveation_keep50,10,100,67,67,168.51,168.51,0.0,273.738,277.478,303.524,309.886,51.24,3.288,2,1,N/A,N/A,N/A,0
smolvla_libero,LIBERO-Goal,SmolVLA-LIBERO,action_repeat2,10,100,72,72,164.22,82.31,81.91,278.549,280.727,290.92,296.511,25.32,6.486,2,1,N/A,N/A,N/A,0
smolvla_libero,LIBERO-Goal,SmolVLA-LIBERO,depth_pruning1,10,100,62,62,187.03,187.03,0.0,278.101,288.609,293.013,303.969,54.9,3.407,2,1,30,N/A,N/A,0
smolvla_libero,LIBERO-Goal,SmolVLA-LIBERO,guarded_reuse_aggressive,10,100,77,77,151.78,147.48,4.3,259.711,300.718,274.355,314.682,38.77,3.869,2,1,N/A,N/A,N/A,0
smolvla_libero,LIBERO-Goal,SmolVLA-LIBERO,temporal_fusion_motion_entropy,10,100,77,77,150.61,150.61,0.0,262.476,298.705,276.564,314.068,42.1,3.572,2,1,N/A,3,0.5,0
smolvla_libero,LIBERO-Object,SmolVLA-LIBERO,original,10,100,94,94,162.25,162.25,0.0,278.057,279.951,292.596,295.602,47.19,3.438,2,1,N/A,N/A,N/A,0
smolvla_libero,LIBERO-Object,SmolVLA-LIBERO,fixed_foveation_keep50,10,100,81,81,176.39,176.39,0.0,279.322,285.612,307.99,316.456,54.52,3.235,2,1,N/A,N/A,N/A,0
smolvla_libero,LIBERO-Object,SmolVLA-LIBERO,action_repeat2,10,100,90,90,169.02,84.75,84.27,272.586,274.931,282.899,289.595,25.38,6.66,2,1,N/A,N/A,N/A,0
smolvla_libero,LIBERO-Object,SmolVLA-LIBERO,depth_pruning1,10,100,73,73,193.35,193.35,0.0,279.717,284.235,294.074,300.325,57,3.392,2,1,30,N/A,N/A,0
smolvla_libero,LIBERO-Object,SmolVLA-LIBERO,guarded_reuse_aggressive,10,100,91,91,162.41,160.11,2.3,261.327,269.6,274.726,283.946,44.1,3.674,2,1,N/A,N/A,N/A,0
smolvla_libero,LIBERO-Object,SmolVLA-LIBERO,temporal_fusion_task_aware,10,100,90,90,162.51,162.51,0.0,262.901,296.018,276.052,310.174,45.24,3.594,2,1,N/A,3,0.5,0
smolvla_libero,LIBERO-Spatial,SmolVLA-LIBERO,original,10,100,76,76,132.92,132.92,0.0,271.436,274.93,291.895,296.182,38.85,3.421,2,1,N/A,N/A,N/A,0
smolvla_libero,LIBERO-Spatial,SmolVLA-LIBERO,fixed_foveation_keep50,10,100,76,76,135.92,135.92,0.0,278.603,283.609,312.878,322.217,42.66,3.186,2,1,N/A,N/A,N/A,0
smolvla_libero,LIBERO-Spatial,SmolVLA-LIBERO,action_repeat2,10,100,64,64,148.18,74.23,73.95,275.324,278.857,290.476,300.07,23.37,6.34,2,1,N/A,N/A,N/A,0
smolvla_libero,LIBERO-Spatial,SmolVLA-LIBERO,depth_pruning1,10,100,62,62,151.44,151.44,0.0,275.41,279.125,295.642,300.924,44.84,3.377,2,1,30,N/A,N/A,0
smolvla_libero,LIBERO-Spatial,SmolVLA-LIBERO,guarded_reuse_moderate,10,100,79,79,129.59,129.27,0.32,262.853,512.787,281.889,540.377,38.99,3.269,2,1,N/A,N/A,N/A,0
smolvla_libero,LIBERO-Spatial,SmolVLA-LIBERO,temporal_fusion_conservative_adaptive,10,100,82,82,125.71,125.71,0.0,262.866,500.661,281.402,533.299,38.02,3.286,2,1,N/A,2,0.25,0
