backbone,env,results_folder,folder_layout,tasks,episodes_per_task,episodes_per_configuration,configurations,total_episodes,step_cap,seed_rule_42_plus_index,task_list,original_success_pct,original_latency_ms_per_step,original_avg_steps,configs_with_per_call_latency,configs_with_inference_cycle_latency,gpu_recorded,gpu_recorded_in_configs,implementation_tags,implementation_tag_episodes_by_config
CogACT,WidowX,cogact_base_simplerenv_bridge,single summary per configuration,4,50,200,14,2800,widowx_carrot_on_plate=60; widowx_put_eggplant_in_basket=120; widowx_spoon_on_towel=60; widowx_stack_cube=60,yes,widowx_carrot_on_plate; widowx_put_eggplant_in_basket; widowx_spoon_on_towel; widowx_stack_cube,50.00,141.48,50.84,14,0,,,,
OpenVLA,WidowX,openvla_simplerenv,one folder per task inside the configuration folder,4,50,200,14,2800,widowx_carrot_on_plate=60; widowx_put_eggplant_in_basket=120; widowx_spoon_on_towel=60; widowx_stack_cube=60,yes,widowx_carrot_on_plate; widowx_put_eggplant_in_basket; widowx_spoon_on_towel; widowx_stack_cube,43.50,210.18,50.91,14,14,,,,
SpatialVLA,WidowX,spatialvla_simplerenv_bridge,one folder per task inside the configuration folder,4,50,200,14,2800,widowx_carrot_on_plate=60; widowx_put_eggplant_in_basket=120; widowx_spoon_on_towel=60; widowx_stack_cube=60,yes,widowx_carrot_on_plate; widowx_put_eggplant_in_basket; widowx_spoon_on_towel; widowx_stack_cube,45.00,423.57,45.15,14,14,,,,
CronusVLA,WidowX,cronusvla_simplerenv_bridge,one folder per task inside the configuration folder,4,50,200,14,2800,widowx_carrot_on_plate=60; widowx_put_eggplant_in_basket=120; widowx_spoon_on_towel=60; widowx_stack_cube=60,yes,widowx_carrot_on_plate; widowx_put_eggplant_in_basket; widowx_spoon_on_towel; widowx_stack_cube,34.00,125.84,50.55,2,2,NVIDIA GeForce RTX 5090,guarded_reuse_aggressive; guarded_reuse_moderate,,
UniVLA,WidowX,univla_simplerenv_bridge,one folder per task inside the configuration folder,4,50,200,14,2800,widowx_carrot_on_plate=60; widowx_put_eggplant_in_basket=120; widowx_spoon_on_towel=60; widowx_stack_cube=60,yes,widowx_carrot_on_plate; widowx_put_eggplant_in_basket; widowx_spoon_on_towel; widowx_stack_cube,87.50,190.86,30.21,14,14,NVIDIA GeForce RTX 5090,temporal_fusion_task_aware,,
MiniVLA,WidowX,minivla_simplerenv,single summary per configuration,4,50,200,14,2800,widowx_carrot_on_plate=60; widowx_put_eggplant_in_basket=120; widowx_spoon_on_towel=60; widowx_stack_cube=60,yes,widowx_carrot_on_plate; widowx_put_eggplant_in_basket; widowx_spoon_on_towel; widowx_stack_cube,36.00,149.46,63.84,14,14,,,,
CogACT,Fractal,cogact_base_simplerenv_fractal,one folder per task inside the configuration folder,5,50,250,14,3500,80,yes,google_robot_close_drawer; google_robot_move_near; google_robot_open_drawer; google_robot_pick_coke_can; google_robot_place_apple_in_closed_top_drawer,66.80,168.99,44.78,14,0,,,,
OpenVLA,Fractal,openvla_simplerenv_fractal,one folder per task inside the configuration folder,5,50,250,14,3500,80,yes,google_robot_close_drawer; google_robot_move_near; google_robot_open_drawer; google_robot_pick_coke_can; google_robot_place_apple_in_closed_top_drawer,35.60,239.71,64.31,14,14,,,,
SpatialVLA,Fractal,spatialvla_simplerenv_fractal,one folder per task inside the configuration folder,5,50,250,14,3500,80,yes,google_robot_close_drawer; google_robot_move_near; google_robot_open_drawer; google_robot_pick_coke_can; google_robot_place_apple_in_closed_top_drawer,59.20,449.95,49.58,14,14,,,,
CronusVLA,Fractal,cronusvla_simplerenv_fractal,one folder per task inside the configuration folder,5,50,250,14,3500,80,yes,google_robot_close_drawer; google_robot_move_near; google_robot_open_drawer; google_robot_pick_coke_can; google_robot_place_apple_in_closed_top_drawer,55.60,155.12,51.34,0,0,,,,
OpenVLA,LIBERO Long,openvla_libero/libero_10,single summary per suite,10,10,100,14,1400,520,yes,libero_10__task_0; libero_10__task_1; libero_10__task_2; libero_10__task_3; libero_10__task_4; libero_10__task_5; libero_10__task_6; libero_10__task_7; libero_10__task_8; libero_10__task_9,56.00,171.55,396.79,14,14,,,,
UniVLA,LIBERO Long,univla_libero/libero_10,single summary per suite,10,10,100,14,1400,520,yes,libero_10__task_0; libero_10__task_1; libero_10__task_2; libero_10__task_3; libero_10__task_4; libero_10__task_5; libero_10__task_6; libero_10__task_7; libero_10__task_8; libero_10__task_9,86.00,59.86,280.36,14,14,,,,
SmolVLA,LIBERO Long,smolvla_libero/libero_10,single summary per suite,10,10,100,14,1400,520,yes,libero_10__task_0; libero_10__task_1; libero_10__task_2; libero_10__task_3; libero_10__task_4; libero_10__task_5; libero_10__task_6; libero_10__task_7; libero_10__task_8; libero_10__task_9,42.00,289.48,428.35,14,14,NVIDIA GeForce RTX 5090,depth_pruning2; depth_pruning4; guarded_reuse_aggressive; guarded_reuse_moderate; guarded_reuse_strict; temporal_fusion_conservative_adaptive; temporal_fusion_motion_entropy; temporal_fusion_task_aware,smolvla-reconstructed-sdpa-v1,depth_pruning2=100; depth_pruning4=100; guarded_reuse_aggressive=100; guarded_reuse_moderate=100; guarded_reuse_strict=100; temporal_fusion_conservative_adaptive=100; temporal_fusion_motion_entropy=100; temporal_fusion_task_aware=100
OpenVLA,LIBERO Goal,openvla_libero/libero_goal,single summary per suite,10,10,100,14,1400,300,yes,libero_goal__task_0; libero_goal__task_1; libero_goal__task_2; libero_goal__task_3; libero_goal__task_4; libero_goal__task_5; libero_goal__task_6; libero_goal__task_7; libero_goal__task_8; libero_goal__task_9,75.00,176.10,157.59,14,14,,,,
UniVLA,LIBERO Goal,univla_libero/libero_goal,single summary per suite,10,10,100,14,1400,300,yes,libero_goal__task_0; libero_goal__task_1; libero_goal__task_2; libero_goal__task_3; libero_goal__task_4; libero_goal__task_5; libero_goal__task_6; libero_goal__task_7; libero_goal__task_8; libero_goal__task_9,92.00,65.14,122.58,14,14,,,,
SmolVLA,LIBERO Goal,smolvla_libero/libero_goal,single summary per suite,10,10,100,14,1400,300,yes,libero_goal__task_0; libero_goal__task_1; libero_goal__task_2; libero_goal__task_3; libero_goal__task_4; libero_goal__task_5; libero_goal__task_6; libero_goal__task_7; libero_goal__task_8; libero_goal__task_9,80.00,295.66,147.66,14,14,NVIDIA GeForce RTX 5090,depth_pruning2; depth_pruning4; guarded_reuse_aggressive; guarded_reuse_moderate; guarded_reuse_strict; temporal_fusion_conservative_adaptive; temporal_fusion_motion_entropy; temporal_fusion_task_aware,smolvla-reconstructed-sdpa-v1,depth_pruning2=100; depth_pruning4=100; guarded_reuse_aggressive=100; guarded_reuse_moderate=100; guarded_reuse_strict=100; temporal_fusion_conservative_adaptive=100; temporal_fusion_motion_entropy=100; temporal_fusion_task_aware=100
OpenVLA,LIBERO Object,openvla_libero/libero_object,single summary per suite,10,10,100,14,1400,280,yes,libero_object__task_0; libero_object__task_1; libero_object__task_2; libero_object__task_3; libero_object__task_4; libero_object__task_5; libero_object__task_6; libero_object__task_7; libero_object__task_8; libero_object__task_9,87.00,173.84,165.89,14,14,,,,
UniVLA,LIBERO Object,univla_libero/libero_object,single summary per suite,10,10,100,14,1400,280,yes,libero_object__task_0; libero_object__task_1; libero_object__task_2; libero_object__task_3; libero_object__task_4; libero_object__task_5; libero_object__task_6; libero_object__task_7; libero_object__task_8; libero_object__task_9,96.00,62.41,145.82,14,14,,,,
SmolVLA,LIBERO Object,smolvla_libero/libero_object,single summary per suite,10,10,100,14,1400,280,yes,libero_object__task_0; libero_object__task_1; libero_object__task_2; libero_object__task_3; libero_object__task_4; libero_object__task_5; libero_object__task_6; libero_object__task_7; libero_object__task_8; libero_object__task_9,94.00,290.83,162.25,14,14,NVIDIA GeForce RTX 5090,depth_pruning4; guarded_reuse_aggressive; guarded_reuse_moderate; guarded_reuse_strict; temporal_fusion_conservative_adaptive; temporal_fusion_motion_entropy; temporal_fusion_task_aware,smolvla-reconstructed-sdpa-v1,depth_pruning4=100; guarded_reuse_aggressive=100; guarded_reuse_moderate=100; guarded_reuse_strict=100; temporal_fusion_conservative_adaptive=100; temporal_fusion_motion_entropy=100; temporal_fusion_task_aware=100
OpenVLA,LIBERO Spatial,openvla_libero/libero_spatial,single summary per suite,10,10,100,14,1400,220,yes,libero_spatial__task_0; libero_spatial__task_1; libero_spatial__task_2; libero_spatial__task_3; libero_spatial__task_4; libero_spatial__task_5; libero_spatial__task_6; libero_spatial__task_7; libero_spatial__task_8; libero_spatial__task_9,78.00,180.98,133.91,14,14,,,,
UniVLA,LIBERO Spatial,univla_libero/libero_spatial,single summary per suite,10,10,100,14,1400,220,yes,libero_spatial__task_0; libero_spatial__task_1; libero_spatial__task_2; libero_spatial__task_3; libero_spatial__task_4; libero_spatial__task_5; libero_spatial__task_6; libero_spatial__task_7; libero_spatial__task_8; libero_spatial__task_9,95.00,72.25,108.31,14,14,,,,
SmolVLA,LIBERO Spatial,smolvla_libero/libero_spatial,single summary per suite,10,10,100,14,1400,220,yes,libero_spatial__task_0; libero_spatial__task_1; libero_spatial__task_2; libero_spatial__task_3; libero_spatial__task_4; libero_spatial__task_5; libero_spatial__task_6; libero_spatial__task_7; libero_spatial__task_8; libero_spatial__task_9,76.00,292.29,132.92,14,14,NVIDIA GeForce RTX 5090,guarded_reuse_aggressive; guarded_reuse_moderate; guarded_reuse_strict; temporal_fusion_conservative_adaptive; temporal_fusion_motion_entropy; temporal_fusion_task_aware,smolvla-reconstructed-sdpa-v1,guarded_reuse_aggressive=100; guarded_reuse_moderate=100; guarded_reuse_strict=100; temporal_fusion_conservative_adaptive=100; temporal_fusion_motion_entropy=100; temporal_fusion_task_aware=100
