backbone,env,configuration,family,episodes,successes,success_pct,avg_steps,avg_policy_calls,avg_reuses,avg_episode_s,latency_ms_per_step,policy_query_latency_mean_ms,inference_cycle_mean_ms,delta_success_vs_original,delta_latency_ms_vs_original,delta_avg_steps_vs_original,win,loss,p_mcnemar,dsteps,dsteps_lo,dsteps_hi,dtime_s,in_table,results_folder
CogACT,WidowX,original,Original,200,100,50.00,50.85,50.84,0.00,7.194,141.48,98.88,,0.00,0.00,0.00,,,,,,,,1,cogact_base_simplerenv_bridge/original
CogACT,WidowX,fixed_foveation_keep20,Foveation,200,105,52.50,46.57,46.57,0.00,7.442,159.79,98.28,,2.50,18.31,-4.27,31,26,0.596642,-4.28,-8.22,-0.70,0.25,1,cogact_base_simplerenv_bridge/fixed_foveation_keep20
CogACT,WidowX,fixed_foveation_keep50,Foveation,200,105,52.50,48.36,48.36,0.00,7.865,162.64,99.29,,2.50,21.16,-2.48,21,16,0.511376,-2.48,-5.72,0.59,0.67,0,cogact_base_simplerenv_bridge/fixed_foveation_keep50
CogACT,WidowX,action_repeat2,Action repeat,200,24,12.00,70.61,35.33,0.00,6.496,92.01,98.73,,-38.00,-49.47,19.76,6,82,0.000000,19.76,15.28,24.20,-0.70,1,cogact_base_simplerenv_bridge/action_repeat2
CogACT,WidowX,action_repeat4,Action repeat,200,9,4.50,74.27,18.57,0.00,5.015,67.52,98.57,,-45.50,-73.96,23.42,3,94,0.000000,23.43,18.99,27.91,-2.18,0,cogact_base_simplerenv_bridge/action_repeat4
CogACT,WidowX,depth_pruning1,Depth pruning,200,114,57.00,47.58,47.58,0.00,6.601,138.75,97.07,,7.00,-2.73,-3.27,27,13,0.038477,-3.27,-6.64,-0.33,-0.59,0,cogact_base_simplerenv_bridge/depth_pruning1
CogACT,WidowX,depth_pruning2,Depth pruning,200,119,59.50,47.14,47.13,0.00,6.476,137.40,96.02,,9.50,-4.08,-3.71,34,15,0.009399,-3.71,-6.80,-0.67,-0.72,1,cogact_base_simplerenv_bridge/depth_pruning2
CogACT,WidowX,depth_pruning4,Depth pruning,200,105,52.50,49.84,49.84,0.00,6.749,135.41,93.48,,2.50,-6.07,-1.00,37,32,0.630456,-1.00,-5.09,2.82,-0.44,0,cogact_base_simplerenv_bridge/depth_pruning4
CogACT,WidowX,guarded_reuse_strict,Guarded reuse,200,103,51.50,50.33,50.17,0.16,7.106,141.19,99.44,,1.50,-0.29,-0.52,13,10,0.677639,-0.52,-3.45,2.23,-0.09,0,cogact_base_simplerenv_bridge/guarded_reuse_strict
CogACT,WidowX,guarded_reuse_moderate,Guarded reuse,200,100,50.00,51.84,51.35,0.48,7.277,140.39,99.21,,0.00,-1.09,0.99,22,22,1.000000,0.99,-2.67,4.63,0.08,0,cogact_base_simplerenv_bridge/guarded_reuse_moderate
CogACT,WidowX,guarded_reuse_aggressive,Guarded reuse,200,106,53.00,49.77,48.41,1.35,6.904,138.72,99.02,,3.00,-2.76,-1.07,18,12,0.361595,-1.07,-3.69,1.41,-0.29,1,cogact_base_simplerenv_bridge/guarded_reuse_aggressive
CogACT,WidowX,temporal_fusion_motion_entropy,Temporal fusion,200,116,58.00,47.41,47.41,0.00,6.729,141.93,98.82,,8.00,0.45,-3.44,29,13,0.019520,-3.44,-6.30,-0.96,-0.46,1,cogact_base_simplerenv_bridge/temporal_fusion_motion_entropy
CogACT,WidowX,temporal_fusion_task_aware,Temporal fusion,200,116,58.00,47.41,47.41,0.00,6.738,142.11,98.41,,8.00,0.63,-3.44,29,13,0.019520,-3.44,-6.30,-0.96,-0.46,0,cogact_base_simplerenv_bridge/temporal_fusion_task_aware
CogACT,WidowX,temporal_fusion_conservative_adaptive,Temporal fusion,200,104,52.00,48.93,48.93,0.00,6.920,141.43,98.15,,2.00,-0.05,-1.91,23,19,0.643969,-1.92,-5.20,1.07,-0.27,0,cogact_base_simplerenv_bridge/temporal_fusion_conservative_adaptive
OpenVLA,WidowX,original,Original,200,87,43.50,50.91,50.91,0.00,10.700,210.18,159.58,167.40,0.00,0.00,0.00,,,,,,,,1,openvla_simplerenv/original
OpenVLA,WidowX,fixed_foveation_keep20,Foveation,200,45,22.50,65.24,65.24,0.00,14.100,216.12,158.22,172.10,-21.00,5.94,14.33,15,57,0.000001,14.33,9.55,19.36,3.40,0,openvla_simplerenv/fixed_foveation_keep20
OpenVLA,WidowX,fixed_foveation_keep50,Foveation,200,60,30.00,62.52,62.52,0.00,13.605,217.63,159.18,173.45,-13.50,7.45,11.61,32,59,0.006106,11.61,6.28,16.87,2.90,1,openvla_simplerenv/fixed_foveation_keep50
OpenVLA,WidowX,action_repeat2,Action repeat,200,56,28.00,60.50,30.33,30.16,7.879,130.24,158.16,87.10,-15.50,-79.95,9.59,23,54,0.000539,9.59,4.67,14.59,-2.82,1,openvla_simplerenv/action_repeat2
OpenVLA,WidowX,action_repeat4,Action repeat,200,29,14.50,68.41,17.16,51.24,6.183,90.38,159.43,47.83,-29.00,-119.80,17.50,14,72,0.000000,17.50,12.78,22.18,-4.52,0,openvla_simplerenv/action_repeat4
OpenVLA,WidowX,depth_pruning1,Depth pruning,200,87,43.50,51.66,51.66,0.00,10.565,204.53,154.74,162.54,0.00,-5.65,0.75,32,32,1.000000,0.74,-3.39,4.81,-0.14,0,openvla_simplerenv/depth_pruning1
OpenVLA,WidowX,depth_pruning2,Depth pruning,200,95,47.50,51.25,51.25,0.00,10.220,199.42,149.31,157.09,4.00,-10.76,0.34,34,26,0.366294,0.34,-3.79,4.51,-0.48,1,openvla_simplerenv/depth_pruning2
OpenVLA,WidowX,depth_pruning4,Depth pruning,200,75,37.50,53.80,53.80,0.00,10.225,190.07,140.38,148.19,-6.00,-20.12,2.89,19,31,0.118920,2.88,-0.66,6.19,-0.48,0,openvla_simplerenv/depth_pruning4
OpenVLA,WidowX,guarded_reuse_strict,Guarded reuse,200,91,45.50,49.69,47.84,1.84,10.069,202.66,158.33,161.88,2.00,-7.52,-1.22,12,8,0.503445,-1.23,-4.05,1.41,-0.63,1,openvla_simplerenv/guarded_reuse_strict
OpenVLA,WidowX,guarded_reuse_moderate,Guarded reuse,200,83,41.50,52.12,49.60,2.51,10.495,201.39,158.47,160.58,-2.00,-8.80,1.21,10,14,0.541256,1.21,-1.60,4.33,-0.21,0,openvla_simplerenv/guarded_reuse_moderate
OpenVLA,WidowX,guarded_reuse_aggressive,Guarded reuse,200,82,41.00,52.70,49.39,3.31,10.516,199.56,158.39,158.95,-2.50,-10.63,1.79,18,23,0.532709,1.78,-1.45,4.84,-0.18,0,openvla_simplerenv/guarded_reuse_aggressive
OpenVLA,WidowX,temporal_fusion_motion_entropy,Temporal fusion,200,82,41.00,54.84,54.84,0.00,11.458,208.94,158.36,166.69,-2.50,-1.24,3.93,29,34,0.614655,3.93,0.22,7.84,0.76,0,openvla_simplerenv/temporal_fusion_motion_entropy
OpenVLA,WidowX,temporal_fusion_task_aware,Temporal fusion,200,101,50.50,50.53,50.53,0.00,11.234,222.32,171.71,180.10,7.00,12.13,-0.38,41,27,0.114254,-0.38,-4.20,3.60,0.53,1,openvla_simplerenv/temporal_fusion_task_aware
OpenVLA,WidowX,temporal_fusion_conservative_adaptive,Temporal fusion,200,96,48.00,48.52,48.52,0.00,10.104,208.25,158.18,166.38,4.50,-1.93,-2.39,18,9,0.122078,-2.39,-5.78,0.83,-0.60,0,openvla_simplerenv/temporal_fusion_conservative_adaptive
SpatialVLA,WidowX,original,Original,200,90,45.00,45.15,45.15,0.00,19.122,423.57,384.76,423.57,0.00,0.00,0.00,,,,,,,,1,spatialvla_simplerenv_bridge/original
SpatialVLA,WidowX,fixed_foveation_keep20,Foveation,200,100,50.00,45.57,45.56,0.00,20.315,445.85,384.60,445.85,5.00,22.28,0.42,21,11,0.110184,0.42,-1.15,1.95,1.19,1,spatialvla_simplerenv_bridge/fixed_foveation_keep20
SpatialVLA,WidowX,fixed_foveation_keep50,Foveation,200,89,44.50,46.06,46.06,0.00,20.533,445.79,381.84,445.78,-0.50,22.22,0.91,19,20,1.000000,0.92,-1.02,2.83,1.41,0,spatialvla_simplerenv_bridge/fixed_foveation_keep50
SpatialVLA,WidowX,action_repeat2,Action repeat,200,82,41.00,49.38,24.85,0.00,11.607,235.08,387.64,467.09,-4.00,-188.49,4.23,17,25,0.279956,4.23,2.06,6.58,-7.51,1,spatialvla_simplerenv_bridge/action_repeat2
SpatialVLA,WidowX,action_repeat4,Action repeat,200,58,29.00,62.40,15.78,0.00,8.603,137.87,384.71,545.19,-16.00,-285.70,17.25,16,48,0.000077,17.25,13.47,21.18,-10.52,0,spatialvla_simplerenv_bridge/action_repeat4
SpatialVLA,WidowX,depth_pruning1,Depth pruning,200,77,38.50,49.71,49.70,0.00,20.304,408.50,368.98,408.50,-6.50,-15.07,4.56,8,21,0.024120,4.56,2.33,7.08,1.18,1,spatialvla_simplerenv_bridge/depth_pruning1
SpatialVLA,WidowX,depth_pruning2,Depth pruning,200,56,28.00,55.32,55.32,0.00,21.977,397.27,357.88,397.26,-17.00,-26.30,10.17,4,38,0.000000,10.18,7.15,13.46,2.85,0,spatialvla_simplerenv_bridge/depth_pruning2
SpatialVLA,WidowX,depth_pruning4,Depth pruning,200,28,14.00,70.88,70.88,0.00,26.548,374.55,335.57,374.55,-31.00,-49.02,25.73,12,74,0.000000,25.73,20.43,31.40,7.43,0,spatialvla_simplerenv_bridge/depth_pruning4
SpatialVLA,WidowX,guarded_reuse_strict,Guarded reuse,200,90,45.00,45.15,45.13,0.01,19.079,422.63,382.53,422.63,0.00,-0.94,0.00,0,0,1.000000,0.00,0.00,0.00,-0.04,0,spatialvla_simplerenv_bridge/guarded_reuse_strict
SpatialVLA,WidowX,guarded_reuse_moderate,Guarded reuse,200,90,45.00,45.11,45.08,0.03,19.176,425.10,385.22,425.11,0.00,1.53,-0.04,1,1,1.000000,-0.04,-0.17,0.07,0.05,0,spatialvla_simplerenv_bridge/guarded_reuse_moderate
SpatialVLA,WidowX,guarded_reuse_aggressive,Guarded reuse,200,91,45.50,45.13,44.94,0.19,19.072,422.64,384.57,422.71,0.50,-0.93,-0.02,2,1,1.000000,-0.02,-0.10,0.06,-0.05,1,spatialvla_simplerenv_bridge/guarded_reuse_aggressive
SpatialVLA,WidowX,temporal_fusion_motion_entropy,Temporal fusion,200,92,46.00,45.34,45.34,0.00,19.405,428.05,387.87,428.04,1.00,4.48,0.19,15,13,0.850554,0.19,-1.26,1.72,0.28,1,spatialvla_simplerenv_bridge/temporal_fusion_motion_entropy
SpatialVLA,WidowX,temporal_fusion_task_aware,Temporal fusion,200,88,44.00,45.48,45.48,0.00,19.408,426.79,387.30,426.79,-1.00,3.22,0.33,8,10,0.814529,0.33,-0.78,1.48,0.29,0,spatialvla_simplerenv_bridge/temporal_fusion_task_aware
SpatialVLA,WidowX,temporal_fusion_conservative_adaptive,Temporal fusion,200,90,45.00,45.69,45.69,0.00,19.477,426.28,385.82,426.28,0.00,2.71,0.54,1,1,1.000000,0.55,-0.17,1.74,0.35,0,spatialvla_simplerenv_bridge/temporal_fusion_conservative_adaptive
CronusVLA,WidowX,original,Original,200,68,34.00,50.56,50.55,0.00,6.362,125.84,,,0.00,0.00,0.00,,,,,,,,1,cronusvla_simplerenv_bridge/original
CronusVLA,WidowX,fixed_foveation_keep20,Foveation,200,73,36.50,48.92,48.92,0.00,7.138,145.91,,,2.50,20.07,-1.63,16,11,0.442068,-1.64,-3.46,0.04,0.78,1,cronusvla_simplerenv_bridge/fixed_foveation_keep20
CronusVLA,WidowX,fixed_foveation_keep50,Foveation,200,68,34.00,50.44,50.44,0.00,7.412,146.94,,,0.00,21.10,-0.12,10,10,1.000000,-0.12,-1.45,1.21,1.05,0,cronusvla_simplerenv_bridge/fixed_foveation_keep50
CronusVLA,WidowX,action_repeat2,Action repeat,200,7,3.50,73.40,36.71,36.69,6.217,84.71,,,-30.50,-41.13,22.84,2,63,0.000000,22.84,17.89,28.36,-0.14,1,cronusvla_simplerenv_bridge/action_repeat2
CronusVLA,WidowX,action_repeat4,Action repeat,200,0,0.00,75.00,18.75,56.25,4.788,63.84,,,-34.00,-62.00,24.45,0,68,0.000000,24.45,19.30,30.02,-1.57,0,cronusvla_simplerenv_bridge/action_repeat4
CronusVLA,WidowX,depth_pruning1,Depth pruning,200,71,35.50,50.03,50.02,0.00,6.110,122.15,,,1.50,-3.69,-0.53,13,10,0.677639,-0.53,-2.15,0.88,-0.25,0,cronusvla_simplerenv_bridge/depth_pruning1
CronusVLA,WidowX,depth_pruning2,Depth pruning,200,72,36.00,50.52,50.52,0.00,6.000,118.76,,,2.00,-7.08,-0.03,17,13,0.584665,-0.04,-1.65,1.64,-0.36,1,cronusvla_simplerenv_bridge/depth_pruning2
CronusVLA,WidowX,depth_pruning4,Depth pruning,200,57,28.50,52.52,52.52,0.00,5.954,113.38,,,-5.50,-12.46,1.96,6,17,0.034690,1.96,0.09,4.01,-0.41,0,cronusvla_simplerenv_bridge/depth_pruning4
CronusVLA,WidowX,guarded_reuse_strict,Guarded reuse,200,72,36.00,49.74,49.71,0.03,6.240,125.47,,,2.00,-0.38,-0.82,9,5,0.423950,-0.82,-2.28,0.36,-0.12,0,cronusvla_simplerenv_bridge/guarded_reuse_strict
CronusVLA,WidowX,guarded_reuse_moderate,Guarded reuse,200,69,34.50,50.14,49.98,0.17,6.158,122.83,83.00,122.75,0.50,-3.02,-0.41,10,9,1.000000,-0.41,-2.19,1.28,-0.20,0,cronusvla_simplerenv_bridge/guarded_reuse_moderate
CronusVLA,WidowX,guarded_reuse_aggressive,Guarded reuse,200,73,36.50,49.68,48.99,0.69,6.067,122.13,82.95,122.13,2.50,-3.71,-0.88,11,6,0.332306,-0.88,-2.71,0.80,-0.29,1,cronusvla_simplerenv_bridge/guarded_reuse_aggressive
CronusVLA,WidowX,temporal_fusion_motion_entropy,Temporal fusion,200,67,33.50,51.21,51.20,0.00,6.499,126.92,,,-0.50,1.08,0.65,9,10,1.000000,0.65,-0.98,2.33,0.14,1,cronusvla_simplerenv_bridge/temporal_fusion_motion_entropy
CronusVLA,WidowX,temporal_fusion_task_aware,Temporal fusion,200,67,33.50,51.21,51.20,0.00,6.520,127.33,,,-0.50,1.48,0.65,9,10,1.000000,0.65,-0.98,2.33,0.16,0,cronusvla_simplerenv_bridge/temporal_fusion_task_aware
CronusVLA,WidowX,temporal_fusion_conservative_adaptive,Temporal fusion,200,67,33.50,51.21,51.20,0.00,6.539,127.71,,,-0.50,1.87,0.65,9,10,1.000000,0.65,-0.98,2.33,0.18,0,cronusvla_simplerenv_bridge/temporal_fusion_conservative_adaptive
UniVLA,WidowX,original,Original,200,175,87.50,30.21,6.38,0.00,5.766,190.86,709.72,904.47,0.00,0.00,0.00,,,,,,,,1,univla_simplerenv_bridge/original
UniVLA,WidowX,fixed_foveation_keep20,Foveation,200,158,79.00,34.57,7.18,0.00,6.631,191.85,704.92,922.95,-8.50,0.99,4.35,11,28,0.009475,4.36,1.77,6.89,0.87,1,univla_simplerenv_bridge/fixed_foveation_keep20
UniVLA,WidowX,fixed_foveation_keep50,Foveation,200,146,73.00,37.37,7.75,0.00,7.084,189.60,696.28,914.11,-14.50,-1.27,7.16,9,38,0.000025,7.16,4.62,9.63,1.32,0,univla_simplerenv_bridge/fixed_foveation_keep50
UniVLA,WidowX,action_repeat2,Action repeat,200,25,12.50,71.93,7.25,36.25,8.161,113.45,705.80,1125.61,-75.00,-77.41,41.72,2,152,0.000000,41.72,37.34,46.08,2.39,1,univla_simplerenv_bridge/action_repeat2
UniVLA,WidowX,action_repeat4,Action repeat,200,6,3.00,74.52,3.74,56.10,5.855,78.57,721.37,1565.44,-84.50,-112.29,44.30,1,170,0.000000,44.30,40.30,48.70,0.09,0,univla_simplerenv_bridge/action_repeat4
UniVLA,WidowX,depth_pruning1,Depth pruning,200,164,82.00,32.45,6.81,0.00,6.010,185.20,687.48,882.49,-5.50,-5.66,2.24,8,19,0.052239,2.24,0.28,4.22,0.24,0,univla_simplerenv_bridge/depth_pruning1
UniVLA,WidowX,depth_pruning2,Depth pruning,200,164,82.00,31.64,6.63,0.00,5.775,182.55,676.61,870.40,-5.50,-8.31,1.43,8,19,0.052239,1.43,-0.73,3.42,0.01,1,univla_simplerenv_bridge/depth_pruning2
UniVLA,WidowX,depth_pruning4,Depth pruning,200,163,81.50,32.32,6.76,0.00,5.593,173.09,634.87,826.80,-6.00,-17.78,2.10,9,21,0.042774,2.10,-0.18,4.22,-0.17,0,univla_simplerenv_bridge/depth_pruning4
UniVLA,WidowX,guarded_reuse_strict,Guarded reuse,200,175,87.50,30.21,6.38,0.00,5.772,191.07,709.87,905.43,0.00,0.20,0.00,0,0,1.000000,0.00,0.00,0.00,0.01,0,univla_simplerenv_bridge/guarded_reuse_strict
UniVLA,WidowX,guarded_reuse_moderate,Guarded reuse,200,175,87.50,30.07,6.34,0.01,5.699,189.55,707.72,897.49,0.00,-1.31,-0.14,0,0,1.000000,-0.14,-0.43,0.04,-0.07,1,univla_simplerenv_bridge/guarded_reuse_moderate
UniVLA,WidowX,guarded_reuse_aggressive,Guarded reuse,200,173,86.50,30.56,6.43,0.01,5.825,190.59,710.75,903.86,-1.00,-0.27,0.35,0,2,0.500000,0.35,-0.19,1.03,0.06,0,univla_simplerenv_bridge/guarded_reuse_aggressive
UniVLA,WidowX,temporal_fusion_motion_entropy,Temporal fusion,200,164,82.00,31.62,6.62,0.00,5.965,188.66,710.33,900.43,-5.50,-2.21,1.41,6,17,0.034690,1.41,-0.49,3.23,0.20,0,univla_simplerenv_bridge/temporal_fusion_motion_entropy
UniVLA,WidowX,temporal_fusion_task_aware,Temporal fusion,200,167,83.50,31.22,6.58,0.00,6.919,221.67,859.02,1050.77,-4.00,30.80,1.00,9,17,0.168638,1.00,-0.79,2.80,1.15,0,univla_simplerenv_bridge/temporal_fusion_task_aware
UniVLA,WidowX,temporal_fusion_conservative_adaptive,Temporal fusion,200,175,87.50,30.21,6.38,0.00,5.788,191.58,712.58,907.84,0.00,0.71,0.00,0,0,1.000000,0.00,0.00,0.00,0.02,1,univla_simplerenv_bridge/temporal_fusion_conservative_adaptive
MiniVLA,WidowX,original,Original,200,72,36.00,63.84,63.84,0.00,9.542,149.46,97.85,105.63,0.00,0.00,0.00,,,,,,,,1,minivla_simplerenv/original
MiniVLA,WidowX,fixed_foveation_keep20,Foveation,200,56,28.00,63.37,63.37,0.00,10.152,160.22,103.56,117.77,-8.00,10.76,-0.48,23,39,0.055897,-0.47,-4.23,2.88,0.61,0,minivla_simplerenv/fixed_foveation_keep20
MiniVLA,WidowX,fixed_foveation_keep50,Foveation,200,70,35.00,62.91,62.91,0.00,9.839,156.39,98.54,113.15,-1.00,6.93,-0.93,28,30,0.895683,-0.93,-4.47,2.26,0.30,1,minivla_simplerenv/fixed_foveation_keep50
MiniVLA,WidowX,action_repeat2,Action repeat,200,60,30.00,66.94,33.55,33.40,6.636,99.13,98.00,56.88,-6.00,-50.33,3.10,15,27,0.088430,3.10,0.23,5.83,-2.91,1,minivla_simplerenv/action_repeat2
MiniVLA,WidowX,action_repeat4,Action repeat,200,58,29.00,66.92,16.83,50.09,4.956,74.06,98.56,32.52,-7.00,-75.40,3.08,26,40,0.108857,3.08,-0.43,6.50,-4.59,0,minivla_simplerenv/action_repeat4
MiniVLA,WidowX,depth_pruning1,Depth pruning,200,37,18.50,67.44,67.44,0.00,9.842,145.95,95.83,103.61,-17.50,-3.51,3.59,16,51,0.000022,3.60,-0.24,7.16,0.30,1,minivla_simplerenv/depth_pruning1
MiniVLA,WidowX,depth_pruning2,Depth pruning,200,0,0.00,75.00,75.00,0.00,10.344,137.92,91.85,99.58,-36.00,-11.55,11.16,0,72,0.000000,11.16,8.53,14.06,0.80,0,minivla_simplerenv/depth_pruning2
MiniVLA,WidowX,depth_pruning4,Depth pruning,200,0,0.00,75.00,75.00,0.00,9.843,131.24,85.52,93.34,-36.00,-18.22,11.16,0,72,0.000000,11.16,8.53,14.06,0.30,0,minivla_simplerenv/depth_pruning4
MiniVLA,WidowX,guarded_reuse_strict,Guarded reuse,200,77,38.50,62.65,60.69,1.96,9.117,145.53,97.39,103.19,2.50,-3.94,-1.19,11,6,0.332306,-1.19,-3.74,0.97,-0.42,1,minivla_simplerenv/guarded_reuse_strict
MiniVLA,WidowX,guarded_reuse_moderate,Guarded reuse,200,72,36.00,64.04,61.33,2.71,9.370,146.32,99.50,104.29,0.00,-3.15,0.20,13,13,1.000000,0.20,-2.20,2.76,-0.17,0,minivla_simplerenv/guarded_reuse_moderate
MiniVLA,WidowX,guarded_reuse_aggressive,Guarded reuse,200,67,33.50,65.37,62.73,2.64,9.468,144.84,97.82,102.91,-2.50,-4.62,1.53,6,11,0.332306,1.53,-0.26,3.40,-0.07,0,minivla_simplerenv/guarded_reuse_aggressive
MiniVLA,WidowX,temporal_fusion_motion_entropy,Temporal fusion,200,78,39.00,61.17,61.16,0.00,9.167,149.87,98.77,107.08,3.00,0.41,-2.68,20,14,0.391528,-2.67,-5.32,-0.25,-0.37,1,minivla_simplerenv/temporal_fusion_motion_entropy
MiniVLA,WidowX,temporal_fusion_task_aware,Temporal fusion,200,71,35.50,63.64,63.64,0.00,10.309,161.99,110.48,118.85,-0.50,12.53,-0.20,19,20,1.000000,-0.20,-2.81,2.34,0.77,0,minivla_simplerenv/temporal_fusion_task_aware
MiniVLA,WidowX,temporal_fusion_conservative_adaptive,Temporal fusion,200,77,38.50,63.09,63.09,0.00,9.375,148.60,97.70,105.88,2.50,-0.86,-0.75,15,10,0.424356,-0.75,-3.54,1.97,-0.17,0,minivla_simplerenv/temporal_fusion_conservative_adaptive
CogACT,Fractal,original,Original,250,167,66.80,44.78,44.78,0.00,7.567,168.99,99.94,,0.00,0.00,0.00,,,,,,,,1,cogact_base_simplerenv_fractal/original
CogACT,Fractal,fixed_foveation_keep20,Foveation,250,162,64.80,45.32,45.32,0.00,8.602,189.80,100.17,,-2.00,20.81,0.54,11,16,0.442068,0.54,-1.52,2.69,1.03,0,cogact_base_simplerenv_fractal/fixed_foveation_keep20
CogACT,Fractal,fixed_foveation_keep50,Foveation,250,168,67.20,44.34,44.34,0.00,8.626,194.54,102.02,,0.40,25.54,-0.44,12,11,1.000000,-0.44,-2.38,1.60,1.06,1,cogact_base_simplerenv_fractal/fixed_foveation_keep50
CogACT,Fractal,action_repeat2,Action repeat,250,164,65.60,46.67,23.50,0.00,5.674,121.57,102.44,,-1.20,-47.42,1.89,16,19,0.735879,1.89,-0.88,4.62,-1.89,1,cogact_base_simplerenv_fractal/action_repeat2
CogACT,Fractal,action_repeat4,Action repeat,250,120,48.00,58.11,14.72,0.00,5.668,97.55,104.04,,-18.80,-71.45,13.33,23,70,0.000001,13.33,9.52,16.99,-1.90,0,cogact_base_simplerenv_fractal/action_repeat4
CogACT,Fractal,depth_pruning1,Depth pruning,250,163,65.20,44.18,44.18,0.00,7.515,170.10,100.57,,-1.60,1.11,-0.60,6,10,0.454498,-0.60,-2.00,0.87,-0.05,0,cogact_base_simplerenv_fractal/depth_pruning1
CogACT,Fractal,depth_pruning2,Depth pruning,250,164,65.60,43.93,43.93,0.00,7.397,168.37,98.80,,-1.20,-0.62,-0.84,7,10,0.629059,-0.84,-2.65,0.95,-0.17,0,cogact_base_simplerenv_fractal/depth_pruning2
CogACT,Fractal,depth_pruning4,Depth pruning,250,167,66.80,43.92,43.92,0.00,7.202,163.98,94.74,,0.00,-5.01,-0.86,9,9,1.000000,-0.86,-2.68,1.01,-0.36,1,cogact_base_simplerenv_fractal/depth_pruning4
CogACT,Fractal,guarded_reuse_strict,Guarded reuse,250,167,66.80,44.70,44.70,0.00,7.541,168.69,99.52,,0.00,-0.30,-0.07,0,0,1.000000,-0.07,-0.30,0.17,-0.03,0,cogact_base_simplerenv_fractal/guarded_reuse_strict
CogACT,Fractal,guarded_reuse_moderate,Guarded reuse,250,168,67.20,44.43,44.38,0.05,7.550,169.94,100.82,,0.40,0.95,-0.35,5,4,1.000000,-0.35,-1.66,0.99,-0.02,1,cogact_base_simplerenv_fractal/guarded_reuse_moderate
CogACT,Fractal,guarded_reuse_aggressive,Guarded reuse,250,167,66.80,43.63,43.38,0.25,7.692,176.29,106.81,,0.00,7.30,-1.14,5,5,1.000000,-1.14,-2.49,0.12,0.13,0,cogact_base_simplerenv_fractal/guarded_reuse_aggressive
CogACT,Fractal,temporal_fusion_motion_entropy,Temporal fusion,250,162,64.80,44.67,44.67,0.00,7.881,176.43,104.79,,-2.00,7.44,-0.10,4,9,0.266846,-0.10,-1.68,1.44,0.31,0,cogact_base_simplerenv_fractal/temporal_fusion_motion_entropy
CogACT,Fractal,temporal_fusion_task_aware,Temporal fusion,250,162,64.80,44.67,44.67,0.00,7.642,171.07,100.26,,-2.00,2.07,-0.10,4,9,0.266846,-0.10,-1.68,1.44,0.08,0,cogact_base_simplerenv_fractal/temporal_fusion_task_aware
CogACT,Fractal,temporal_fusion_conservative_adaptive,Temporal fusion,250,164,65.60,44.54,44.54,0.00,7.629,171.28,100.69,,-1.20,2.29,-0.23,1,4,0.375000,-0.23,-1.14,0.57,0.06,1,cogact_base_simplerenv_fractal/temporal_fusion_conservative_adaptive
OpenVLA,Fractal,original,Original,250,89,35.60,64.31,64.31,0.00,15.416,239.71,160.43,168.12,0.00,0.00,0.00,,,,,,,,1,openvla_simplerenv_fractal/original
OpenVLA,Fractal,fixed_foveation_keep20,Foveation,250,19,7.60,76.30,76.30,0.00,18.994,248.95,168.06,182.15,-28.00,9.24,11.98,8,78,0.000000,11.98,9.12,14.94,3.58,0,openvla_simplerenv_fractal/fixed_foveation_keep20
OpenVLA,Fractal,fixed_foveation_keep50,Foveation,250,61,24.40,68.24,68.24,0.00,17.022,249.45,164.76,179.23,-11.20,9.75,3.92,22,50,0.001294,3.92,0.53,7.14,1.61,1,openvla_simplerenv_fractal/fixed_foveation_keep50
OpenVLA,Fractal,action_repeat2,Action repeat,250,100,40.00,62.91,31.56,31.36,10.005,159.04,160.03,87.91,4.40,-80.67,-1.40,38,27,0.214539,-1.40,-4.18,1.51,-5.41,1,openvla_simplerenv_fractal/action_repeat2
OpenVLA,Fractal,action_repeat4,Action repeat,250,89,35.60,67.02,16.90,50.12,7.973,118.97,161.25,48.29,0.00,-120.73,2.71,34,34,1.000000,2.71,-0.05,5.49,-7.44,0,openvla_simplerenv_fractal/action_repeat4
OpenVLA,Fractal,depth_pruning1,Depth pruning,250,96,38.40,62.84,62.84,0.00,14.863,236.54,156.02,163.68,2.80,-3.16,-1.48,33,26,0.434993,-1.48,-4.10,1.16,-0.55,0,openvla_simplerenv_fractal/depth_pruning1
OpenVLA,Fractal,depth_pruning2,Depth pruning,250,102,40.80,61.86,61.86,0.00,14.269,230.68,150.84,158.49,5.20,-9.03,-2.46,37,24,0.123731,-2.46,-5.32,0.28,-1.15,1,openvla_simplerenv_fractal/depth_pruning2
OpenVLA,Fractal,depth_pruning4,Depth pruning,250,92,36.80,62.80,62.80,0.00,14.019,223.24,142.77,150.44,1.20,-16.47,-1.51,38,35,0.815121,-1.51,-4.50,1.39,-1.40,0,openvla_simplerenv_fractal/depth_pruning4
OpenVLA,Fractal,guarded_reuse_strict,Guarded reuse,250,90,36.00,64.29,62.83,1.46,15.155,235.72,159.67,164.92,0.40,-3.98,-0.02,1,0,1.000000,-0.02,-0.23,0.11,-0.26,0,openvla_simplerenv_fractal/guarded_reuse_strict
OpenVLA,Fractal,guarded_reuse_moderate,Guarded reuse,250,91,36.40,64.20,62.59,1.60,15.191,236.64,160.44,165.41,0.80,-3.06,-0.12,2,0,0.500000,-0.12,-0.40,0.09,-0.22,1,openvla_simplerenv_fractal/guarded_reuse_moderate
OpenVLA,Fractal,guarded_reuse_aggressive,Guarded reuse,250,88,35.20,64.25,61.76,2.49,15.078,234.69,160.70,164.21,-0.40,-5.02,-0.06,2,3,1.000000,-0.06,-0.58,0.40,-0.34,0,openvla_simplerenv_fractal/guarded_reuse_aggressive
OpenVLA,Fractal,temporal_fusion_motion_entropy,Temporal fusion,250,105,42.00,62.03,62.03,0.00,15.051,242.64,161.47,169.72,6.40,2.94,-2.28,39,23,0.055897,-2.28,-4.85,0.30,-0.37,0,openvla_simplerenv_fractal/temporal_fusion_motion_entropy
OpenVLA,Fractal,temporal_fusion_task_aware,Temporal fusion,250,106,42.40,61.44,61.44,0.00,15.605,254.00,173.62,181.88,6.80,14.29,-2.88,29,12,0.011508,-2.88,-5.24,-0.58,0.19,1,openvla_simplerenv_fractal/temporal_fusion_task_aware
OpenVLA,Fractal,temporal_fusion_conservative_adaptive,Temporal fusion,250,92,36.80,63.27,63.27,0.00,15.201,240.26,160.13,168.28,1.20,0.55,-1.04,7,4,0.548828,-1.04,-2.24,0.01,-0.21,0,openvla_simplerenv_fractal/temporal_fusion_conservative_adaptive
SpatialVLA,Fractal,original,Original,250,148,59.20,49.58,49.58,0.00,22.307,449.95,378.71,449.95,0.00,0.00,0.00,,,,,,,,1,spatialvla_simplerenv_fractal/original
SpatialVLA,Fractal,fixed_foveation_keep20,Foveation,250,138,55.20,48.75,48.75,0.00,23.155,474.99,380.28,474.98,-4.00,25.04,-0.83,17,27,0.174171,-0.83,-3.61,1.88,0.85,0,spatialvla_simplerenv_fractal/fixed_foveation_keep20
SpatialVLA,Fractal,fixed_foveation_keep50,Foveation,250,143,57.20,49.15,49.15,0.00,23.512,478.39,380.59,478.38,-2.00,28.44,-0.43,16,21,0.511376,-0.43,-2.84,1.94,1.21,1,spatialvla_simplerenv_fractal/fixed_foveation_keep50
SpatialVLA,Fractal,action_repeat2,Action repeat,250,148,59.20,50.40,25.34,0.00,13.252,262.92,379.35,522.97,0.00,-187.03,0.83,33,33,1.000000,0.83,-2.32,3.92,-9.05,1,spatialvla_simplerenv_fractal/action_repeat2
SpatialVLA,Fractal,action_repeat4,Action repeat,250,74,29.60,65.88,16.60,0.00,10.935,165.99,378.00,658.76,-29.60,-283.96,16.30,19,93,0.000000,16.30,12.58,20.28,-11.37,0,spatialvla_simplerenv_fractal/action_repeat4
SpatialVLA,Fractal,depth_pruning1,Depth pruning,250,135,54.00,50.64,50.64,0.00,22.028,435.02,364.63,435.02,-5.20,-14.93,1.06,12,25,0.047031,1.06,-1.32,3.49,-0.28,0,spatialvla_simplerenv_fractal/depth_pruning1
SpatialVLA,Fractal,depth_pruning2,Depth pruning,250,142,56.80,50.74,50.74,0.00,21.636,426.41,355.48,426.41,-2.40,-23.54,1.16,17,23,0.429591,1.16,-1.58,3.96,-0.67,1,spatialvla_simplerenv_fractal/depth_pruning2
SpatialVLA,Fractal,depth_pruning4,Depth pruning,250,108,43.20,55.35,55.35,0.00,22.089,399.09,328.64,399.08,-16.00,-50.86,5.77,7,47,0.000000,5.77,2.98,8.56,-0.22,0,spatialvla_simplerenv_fractal/depth_pruning4
SpatialVLA,Fractal,guarded_reuse_strict,Guarded reuse,250,148,59.20,49.61,49.36,0.26,22.157,446.61,377.56,446.94,0.00,-3.34,0.04,0,0,1.000000,0.04,-0.00,0.09,-0.15,0,spatialvla_simplerenv_fractal/guarded_reuse_strict
SpatialVLA,Fractal,guarded_reuse_moderate,Guarded reuse,250,150,60.00,49.44,49.02,0.41,22.092,446.89,378.82,447.17,0.80,-3.06,-0.14,2,0,0.500000,-0.14,-0.66,0.21,-0.21,1,spatialvla_simplerenv_fractal/guarded_reuse_moderate
SpatialVLA,Fractal,guarded_reuse_aggressive,Guarded reuse,250,147,58.80,49.93,48.73,1.20,22.021,441.01,379.02,441.81,-0.40,-8.94,0.36,3,4,1.000000,0.36,-0.31,1.00,-0.29,0,spatialvla_simplerenv_fractal/guarded_reuse_aggressive
SpatialVLA,Fractal,temporal_fusion_motion_entropy,Temporal fusion,250,145,58.00,49.42,49.42,0.00,22.310,451.48,380.74,451.47,-1.20,1.53,-0.16,17,20,0.742829,-0.16,-2.38,2.14,0.00,0,spatialvla_simplerenv_fractal/temporal_fusion_motion_entropy
SpatialVLA,Fractal,temporal_fusion_task_aware,Temporal fusion,250,150,60.00,47.71,47.71,0.00,21.632,453.43,382.19,453.42,0.80,3.48,-1.87,12,10,0.831812,-1.87,-3.86,0.14,-0.67,1,spatialvla_simplerenv_fractal/temporal_fusion_task_aware
SpatialVLA,Fractal,temporal_fusion_conservative_adaptive,Temporal fusion,250,148,59.20,49.66,49.66,0.00,22.471,452.51,380.53,452.50,0.00,2.56,0.08,0,0,1.000000,0.08,-0.06,0.28,0.16,0,spatialvla_simplerenv_fractal/temporal_fusion_conservative_adaptive
CronusVLA,Fractal,original,Original,250,139,55.60,51.34,51.34,0.00,7.963,155.12,,,0.00,0.00,0.00,,,,,,,,1,cronusvla_simplerenv_fractal/original
CronusVLA,Fractal,fixed_foveation_keep20,Foveation,250,136,54.40,51.37,51.37,0.00,9.159,178.30,,,-1.20,23.17,0.03,9,12,0.663624,0.03,-1.87,1.98,1.20,0,cronusvla_simplerenv_fractal/fixed_foveation_keep20
CronusVLA,Fractal,fixed_foveation_keep50,Foveation,250,142,56.80,50.10,50.10,0.00,9.017,180.00,,,1.20,24.87,-1.24,12,9,0.663624,-1.24,-3.20,0.60,1.05,1,cronusvla_simplerenv_fractal/fixed_foveation_keep50
CronusVLA,Fractal,action_repeat2,Action repeat,250,146,58.40,57.43,28.84,28.59,6.453,112.37,,,2.80,-42.75,6.09,15,8,0.210040,6.09,3.79,8.66,-1.51,1,cronusvla_simplerenv_fractal/action_repeat2
CronusVLA,Fractal,action_repeat4,Action repeat,250,115,46.00,74.13,18.60,55.54,6.663,89.87,,,-9.60,-65.25,22.80,6,30,0.000070,22.80,19.56,26.24,-1.30,0,cronusvla_simplerenv_fractal/action_repeat4
CronusVLA,Fractal,depth_pruning1,Depth pruning,250,141,56.40,50.17,50.17,0.00,7.667,152.82,,,0.80,-2.31,-1.17,9,7,0.803619,-1.17,-2.89,0.48,-0.30,1,cronusvla_simplerenv_fractal/depth_pruning1
CronusVLA,Fractal,depth_pruning2,Depth pruning,250,129,51.60,53.39,53.39,0.00,7.987,149.59,,,-4.00,-5.53,2.06,4,14,0.030884,2.06,0.33,3.78,0.02,0,cronusvla_simplerenv_fractal/depth_pruning2
CronusVLA,Fractal,depth_pruning4,Depth pruning,250,128,51.20,53.98,53.98,0.00,7.778,144.08,,,-4.40,-11.04,2.64,4,15,0.019211,2.64,0.92,4.38,-0.19,0,cronusvla_simplerenv_fractal/depth_pruning4
CronusVLA,Fractal,guarded_reuse_strict,Guarded reuse,250,136,54.40,51.93,51.57,0.36,7.952,153.13,,,-1.20,-2.00,0.59,6,9,0.607239,0.59,-1.18,2.32,-0.01,0,cronusvla_simplerenv_fractal/guarded_reuse_strict
CronusVLA,Fractal,guarded_reuse_moderate,Guarded reuse,250,137,54.80,51.87,50.99,0.88,7.934,152.96,,,-0.80,-2.16,0.54,4,6,0.753906,0.54,-1.04,2.09,-0.03,0,cronusvla_simplerenv_fractal/guarded_reuse_moderate
CronusVLA,Fractal,guarded_reuse_aggressive,Guarded reuse,250,142,56.80,50.73,48.59,2.14,7.628,150.35,,,1.20,-4.77,-0.60,9,6,0.607239,-0.60,-2.21,0.95,-0.34,1,cronusvla_simplerenv_fractal/guarded_reuse_aggressive
CronusVLA,Fractal,temporal_fusion_motion_entropy,Temporal fusion,250,143,57.20,50.54,50.54,0.00,7.929,156.89,,,1.60,1.77,-0.80,9,5,0.423950,-0.80,-2.29,0.62,-0.03,1,cronusvla_simplerenv_fractal/temporal_fusion_motion_entropy
CronusVLA,Fractal,temporal_fusion_task_aware,Temporal fusion,250,143,57.20,50.54,50.54,0.00,7.902,156.35,,,1.60,1.23,-0.80,9,5,0.423950,-0.80,-2.29,0.62,-0.06,0,cronusvla_simplerenv_fractal/temporal_fusion_task_aware
CronusVLA,Fractal,temporal_fusion_conservative_adaptive,Temporal fusion,250,143,57.20,50.54,50.54,0.00,7.920,156.72,,,1.60,1.59,-0.80,9,5,0.423950,-0.80,-2.29,0.62,-0.04,0,cronusvla_simplerenv_fractal/temporal_fusion_conservative_adaptive
OpenVLA,LIBERO Long,original,Original,100,56,56.00,396.79,396.79,0.00,68.068,171.55,156.33,158.64,0.00,0.00,0.00,,,,,,,,1,openvla_libero/original/libero_10
OpenVLA,LIBERO Long,fixed_foveation_keep20,Foveation,100,30,30.00,446.81,446.81,0.00,79.606,178.16,157.38,165.32,-26.00,6.62,50.02,7,33,0.000042,50.02,23.04,76.65,11.54,0,openvla_libero/fixed_foveation_keep20/libero_10
OpenVLA,LIBERO Long,fixed_foveation_keep50,Foveation,100,44,44.00,410.31,410.31,0.00,73.263,178.56,157.73,165.83,-12.00,7.01,13.52,8,20,0.035698,13.52,-11.78,39.91,5.20,1,openvla_libero/fixed_foveation_keep50/libero_10
OpenVLA,LIBERO Long,action_repeat2,Action repeat,100,46,46.00,407.47,203.85,203.62,37.957,93.15,157.10,80.85,-10.00,-78.39,10.68,10,20,0.098737,10.68,-14.67,36.66,-30.11,1,openvla_libero/action_repeat2/libero_10
OpenVLA,LIBERO Long,action_repeat4,Action repeat,100,32,32.00,461.14,115.36,345.78,24.764,53.70,157.52,41.64,-24.00,-117.84,64.35,11,35,0.000536,64.35,36.14,93.86,-43.30,0,openvla_libero/action_repeat4/libero_10
OpenVLA,LIBERO Long,depth_pruning1,Depth pruning,100,53,53.00,398.62,398.62,0.00,67.119,168.38,153.13,155.44,-3.00,-3.17,1.83,16,19,0.735879,1.83,-25.00,28.08,-0.95,1,openvla_libero/depth_pruning1/libero_10
OpenVLA,LIBERO Long,depth_pruning2,Depth pruning,100,45,45.00,406.28,406.28,0.00,66.841,164.52,149.29,151.60,-11.00,-7.03,9.49,10,21,0.070756,9.49,-15.17,33.21,-1.23,0,openvla_libero/depth_pruning2/libero_10
OpenVLA,LIBERO Long,depth_pruning4,Depth pruning,100,26,26.00,466.78,466.78,0.00,72.001,154.25,139.20,141.52,-30.00,-17.30,69.99,9,39,0.000015,69.99,40.11,99.89,3.93,0,openvla_libero/depth_pruning4/libero_10
OpenVLA,LIBERO Long,guarded_reuse_strict,Guarded reuse,100,51,51.00,397.87,383.50,14.37,66.376,166.83,157.14,154.70,-5.00,-4.72,1.08,8,13,0.383310,1.08,-18.63,20.90,-1.69,0,openvla_libero/guarded_reuse_strict/libero_10
OpenVLA,LIBERO Long,guarded_reuse_moderate,Guarded reuse,100,51,51.00,396.62,374.49,22.13,64.949,163.76,157.33,151.82,-5.00,-7.79,-0.17,9,14,0.404873,-0.17,-21.92,22.21,-3.12,1,openvla_libero/guarded_reuse_moderate/libero_10
OpenVLA,LIBERO Long,guarded_reuse_aggressive,Guarded reuse,100,50,50.00,399.28,358.81,40.47,62.397,156.27,156.83,145.00,-6.00,-15.27,2.49,12,18,0.361595,2.49,-22.72,27.49,-5.67,0,openvla_libero/guarded_reuse_aggressive/libero_10
OpenVLA,LIBERO Long,temporal_fusion_motion_entropy,Temporal fusion,100,49,49.00,410.34,410.34,0.00,70.945,172.89,157.60,160.47,-7.00,1.35,13.55,9,16,0.229523,13.55,-11.20,39.29,2.88,1,openvla_libero/temporal_fusion_motion_entropy/libero_10
OpenVLA,LIBERO Long,temporal_fusion_task_aware,Temporal fusion,100,48,48.00,409.33,409.33,0.00,75.992,185.65,170.34,173.23,-8.00,14.10,12.54,10,18,0.184933,12.54,-13.03,37.07,7.92,0,openvla_libero/temporal_fusion_task_aware/libero_10
OpenVLA,LIBERO Long,temporal_fusion_conservative_adaptive,Temporal fusion,100,45,45.00,405.55,405.55,0.00,71.438,176.15,161.08,163.90,-11.00,4.60,8.76,2,13,0.007385,8.76,-6.68,24.54,3.37,0,openvla_libero/temporal_fusion_conservative_adaptive/libero_10
UniVLA,LIBERO Long,original,Original,100,86,86.00,280.36,28.44,0.00,16.781,59.86,469.02,590.05,0.00,0.00,0.00,,,,,,,,1,univla_libero/original/libero_10
UniVLA,LIBERO Long,fixed_foveation_keep20,Foveation,100,86,86.00,275.74,27.98,0.00,16.568,60.09,465.34,592.15,0.00,0.23,-4.62,8,8,1.000000,-4.62,-26.22,16.50,-0.21,0,univla_libero/fixed_foveation_keep20/libero_10
UniVLA,LIBERO Long,fixed_foveation_keep50,Foveation,100,90,90.00,268.88,27.32,0.00,16.292,60.59,469.61,596.32,4.00,0.74,-11.48,8,4,0.387695,-11.48,-29.12,5.80,-0.49,1,univla_libero/fixed_foveation_keep50/libero_10
UniVLA,LIBERO Long,action_repeat2,Action repeat,100,27,27.00,465.50,23.42,234.20,16.715,35.91,471.27,713.70,-59.00,-23.95,185.14,2,61,0.000000,185.14,161.27,208.52,-0.07,1,univla_libero/action_repeat2/libero_10
UniVLA,LIBERO Long,action_repeat4,Action repeat,100,1,1.00,517.42,12.94,388.20,12.458,24.08,486.06,962.77,-85.00,-35.78,237.06,0,85,0.000000,237.06,216.12,257.69,-4.32,0,univla_libero/action_repeat4/libero_10
UniVLA,LIBERO Long,depth_pruning1,Depth pruning,100,88,88.00,286.12,29.02,0.00,16.604,58.03,449.74,572.17,2.00,-1.82,5.76,8,6,0.790527,5.76,-13.81,27.59,-0.18,0,univla_libero/depth_pruning1/libero_10
UniVLA,LIBERO Long,depth_pruning2,Depth pruning,100,89,89.00,282.61,28.66,0.00,16.167,57.21,442.05,564.11,3.00,-2.65,2.25,10,7,0.629059,2.25,-18.40,23.71,-0.61,1,univla_libero/depth_pruning2/libero_10
UniVLA,LIBERO Long,depth_pruning4,Depth pruning,100,86,86.00,304.49,30.82,0.00,16.556,54.37,415.43,537.18,0.00,-5.48,24.13,8,8,1.000000,24.13,3.25,45.80,-0.23,0,univla_libero/depth_pruning4/libero_10
UniVLA,LIBERO Long,guarded_reuse_strict,Guarded reuse,100,86,86.00,280.58,28.40,0.05,16.687,59.47,466.04,586.55,0.00,-0.38,0.22,0,0,1.000000,0.22,-0.77,1.17,-0.09,1,univla_libero/guarded_reuse_strict/libero_10
UniVLA,LIBERO Long,guarded_reuse_moderate,Guarded reuse,100,86,86.00,280.89,28.42,0.06,16.811,59.85,469.23,590.32,0.00,-0.01,0.53,0,0,1.000000,0.53,-0.07,1.29,0.03,0,univla_libero/guarded_reuse_moderate/libero_10
UniVLA,LIBERO Long,guarded_reuse_aggressive,Guarded reuse,100,86,86.00,281.23,28.34,0.17,16.374,58.22,462.74,574.46,0.00,-1.63,0.87,0,0,1.000000,0.87,0.12,1.81,-0.41,0,univla_libero/guarded_reuse_aggressive/libero_10
UniVLA,LIBERO Long,temporal_fusion_motion_entropy,Temporal fusion,100,83,83.00,292.09,29.61,0.00,17.096,58.53,462.46,577.38,-3.00,-1.32,11.73,5,8,0.581055,11.73,-5.88,30.61,0.32,0,univla_libero/temporal_fusion_motion_entropy/libero_10
UniVLA,LIBERO Long,temporal_fusion_task_aware,Temporal fusion,100,87,87.00,281.91,28.56,0.00,18.294,64.89,525.15,640.55,1.00,5.04,1.55,7,6,1.000000,1.55,-14.39,19.80,1.51,1,univla_libero/temporal_fusion_task_aware/libero_10
UniVLA,LIBERO Long,temporal_fusion_conservative_adaptive,Temporal fusion,100,86,86.00,280.45,28.44,0.00,16.411,58.52,462.14,577.05,0.00,-1.34,0.09,0,0,1.000000,0.09,-0.19,0.48,-0.37,0,univla_libero/temporal_fusion_conservative_adaptive/libero_10
SmolVLA,LIBERO Long,original,Original,100,42,42.00,428.35,428.35,0.00,123.997,289.48,275.08,289.48,0.00,0.00,0.00,,,,,,,,1,smolvla_libero/original/libero_10
SmolVLA,LIBERO Long,fixed_foveation_keep20,Foveation,100,19,19.00,481.49,481.49,0.00,147.137,305.59,277.85,305.59,-23.00,16.11,53.14,3,26,0.000015,53.14,30.82,75.57,23.14,0,smolvla_libero/fixed_foveation_keep20/libero_10
SmolVLA,LIBERO Long,fixed_foveation_keep50,Foveation,100,21,21.00,477.84,477.84,0.00,146.449,306.48,278.08,306.48,-21.00,17.00,49.49,6,27,0.000324,49.49,26.46,74.97,22.45,1,smolvla_libero/fixed_foveation_keep50/libero_10
SmolVLA,LIBERO Long,action_repeat2,Action repeat,100,31,31.00,443.45,221.80,221.65,67.465,152.14,278.12,152.13,-11.00,-137.34,15.10,9,20,0.061428,15.10,-9.58,40.27,-56.53,1,smolvla_libero/action_repeat2/libero_10
SmolVLA,LIBERO Long,action_repeat4,Action repeat,100,20,20.00,470.22,117.64,352.58,37.882,80.56,272.36,80.56,-22.00,-208.91,41.87,5,27,0.000113,41.87,16.45,67.09,-86.12,0,smolvla_libero/action_repeat4/libero_10
SmolVLA,LIBERO Long,depth_pruning1,Depth pruning,100,9,9.00,500.07,500.07,0.00,145.810,291.58,277.71,291.58,-33.00,2.10,71.72,1,34,0.000000,71.72,47.76,96.01,21.81,1,smolvla_libero/depth_pruning1/libero_10
SmolVLA,LIBERO Long,depth_pruning2,Depth pruning,100,3,3.00,515.08,515.08,0.00,148.053,287.44,273.46,287.44,-39.00,-2.04,86.73,1,40,0.000000,86.73,63.00,111.54,24.06,0,smolvla_libero/depth_pruning2/libero_10
SmolVLA,LIBERO Long,depth_pruning4,Depth pruning,100,0,0.00,520.00,520.00,0.00,134.648,258.94,245.37,258.94,-42.00,-30.54,91.65,0,42,0.000000,91.65,68.23,116.51,10.65,0,smolvla_libero/depth_pruning4/libero_10
SmolVLA,LIBERO Long,guarded_reuse_strict,Guarded reuse,100,40,40.00,435.10,434.52,0.58,118.974,273.44,260.58,273.44,-2.00,-16.03,6.75,13,15,0.850554,6.75,-18.89,34.03,-5.02,0,smolvla_libero/guarded_reuse_strict/libero_10
SmolVLA,LIBERO Long,guarded_reuse_moderate,Guarded reuse,100,40,40.00,434.40,432.07,2.33,119.263,274.55,262.71,274.56,-2.00,-14.93,6.05,13,15,0.850554,6.05,-18.19,30.65,-4.73,0,smolvla_libero/guarded_reuse_moderate/libero_10
SmolVLA,LIBERO Long,guarded_reuse_aggressive,Guarded reuse,100,42,42.00,426.73,415.56,11.17,114.762,268.93,262.55,269.10,0.00,-20.54,-1.62,13,13,1.000000,-1.62,-26.46,23.81,-9.24,1,smolvla_libero/guarded_reuse_aggressive/libero_10
SmolVLA,LIBERO Long,temporal_fusion_motion_entropy,Temporal fusion,100,43,43.00,418.42,418.42,0.00,115.469,275.96,262.82,275.96,1.00,-13.51,-9.93,12,11,1.000000,-9.93,-35.62,15.53,-8.53,0,smolvla_libero/temporal_fusion_motion_entropy/libero_10
SmolVLA,LIBERO Long,temporal_fusion_task_aware,Temporal fusion,100,39,39.00,427.47,427.47,0.00,117.947,275.92,262.77,275.92,-3.00,-13.56,-0.88,11,14,0.690038,-0.88,-24.64,24.01,-6.05,0,smolvla_libero/temporal_fusion_task_aware/libero_10
SmolVLA,LIBERO Long,temporal_fusion_conservative_adaptive,Temporal fusion,100,45,45.00,415.94,415.94,0.00,115.109,276.74,263.56,276.74,3.00,-12.73,-12.41,14,11,0.690038,-12.41,-37.26,12.92,-8.89,1,smolvla_libero/temporal_fusion_conservative_adaptive/libero_10
OpenVLA,LIBERO Goal,original,Original,100,75,75.00,157.59,157.59,0.00,27.752,176.10,159.69,161.99,0.00,0.00,0.00,,,,,,,,1,openvla_libero/original/libero_goal
OpenVLA,LIBERO Goal,fixed_foveation_keep20,Foveation,100,64,64.00,180.92,180.92,0.00,32.505,179.66,157.86,165.56,-11.00,3.56,23.33,13,24,0.098872,23.33,3.69,42.48,4.75,0,openvla_libero/fixed_foveation_keep20/libero_goal
OpenVLA,LIBERO Goal,fixed_foveation_keep50,Foveation,100,75,75.00,157.29,157.29,0.00,28.520,181.32,159.15,167.17,0.00,5.22,-0.30,10,10,1.000000,-0.30,-15.39,13.98,0.77,1,openvla_libero/fixed_foveation_keep50/libero_goal
OpenVLA,LIBERO Goal,action_repeat2,Action repeat,100,68,68.00,175.16,87.74,87.42,16.863,96.27,159.79,82.30,-7.00,-79.83,17.57,10,17,0.247789,17.57,0.31,35.21,-10.89,1,openvla_libero/action_repeat2/libero_goal
OpenVLA,LIBERO Goal,action_repeat4,Action repeat,100,60,60.00,192.74,48.41,144.33,10.720,55.62,158.06,41.94,-15.00,-120.48,35.15,6,21,0.005925,35.15,18.16,50.55,-17.03,0,openvla_libero/action_repeat4/libero_goal
OpenVLA,LIBERO Goal,depth_pruning1,Depth pruning,100,72,72.00,165.43,165.43,0.00,28.206,170.50,153.56,155.87,-3.00,-5.60,7.84,12,15,0.701108,7.84,-9.82,24.60,0.45,1,openvla_libero/depth_pruning1/libero_goal
OpenVLA,LIBERO Goal,depth_pruning2,Depth pruning,100,59,59.00,185.07,185.07,0.00,30.914,167.04,150.21,152.52,-16.00,-9.06,27.48,6,22,0.003719,27.48,9.85,45.00,3.16,0,openvla_libero/depth_pruning2/libero_goal
OpenVLA,LIBERO Goal,depth_pruning4,Depth pruning,100,41,41.00,218.39,218.39,0.00,34.614,158.50,141.86,144.18,-34.00,-17.60,60.80,4,38,0.000000,60.80,41.83,80.04,6.86,0,openvla_libero/depth_pruning4/libero_goal
OpenVLA,LIBERO Goal,guarded_reuse_strict,Guarded reuse,100,71,71.00,164.75,156.84,7.91,27.676,167.99,158.55,154.58,-4.00,-8.11,7.16,2,6,0.289062,7.16,-0.68,15.72,-0.08,0,openvla_libero/guarded_reuse_strict/libero_goal
OpenVLA,LIBERO Goal,guarded_reuse_moderate,Guarded reuse,100,69,69.00,165.24,156.76,8.48,27.679,167.51,158.67,154.06,-6.00,-8.59,7.65,4,10,0.179565,7.65,-4.23,19.74,-0.07,0,openvla_libero/guarded_reuse_moderate/libero_goal
OpenVLA,LIBERO Goal,guarded_reuse_aggressive,Guarded reuse,100,72,72.00,163.88,145.59,18.29,25.867,157.84,158.35,145.89,-3.00,-18.26,6.29,8,11,0.647606,6.29,-6.79,21.18,-1.89,1,openvla_libero/guarded_reuse_aggressive/libero_goal
OpenVLA,LIBERO Goal,temporal_fusion_motion_entropy,Temporal fusion,100,74,74.00,159.57,159.57,0.00,28.261,177.11,159.97,162.83,-1.00,1.01,1.98,7,8,1.000000,1.98,-10.71,15.31,0.51,0,openvla_libero/temporal_fusion_motion_entropy/libero_goal
OpenVLA,LIBERO Goal,temporal_fusion_task_aware,Temporal fusion,100,73,73.00,161.96,161.96,0.00,30.502,188.33,171.32,174.20,-2.00,12.23,4.37,10,12,0.831812,4.37,-11.12,20.96,2.75,0,openvla_libero/temporal_fusion_task_aware/libero_goal
OpenVLA,LIBERO Goal,temporal_fusion_conservative_adaptive,Temporal fusion,100,77,77.00,158.66,158.66,0.00,27.960,176.22,159.43,162.15,2.00,0.12,1.07,5,3,0.726562,1.07,-7.92,10.78,0.21,1,openvla_libero/temporal_fusion_conservative_adaptive/libero_goal
UniVLA,LIBERO Goal,original,Original,100,92,92.00,122.58,12.66,0.00,7.985,65.14,493.26,630.71,0.00,0.00,0.00,,,,,,,,1,univla_libero/original/libero_goal
UniVLA,LIBERO Goal,fixed_foveation_keep20,Foveation,100,87,87.00,129.80,13.34,0.00,8.450,65.10,490.91,633.44,-5.00,-0.04,7.22,3,8,0.226562,7.22,-3.91,19.65,0.47,0,univla_libero/fixed_foveation_keep20/libero_goal
UniVLA,LIBERO Goal,fixed_foveation_keep50,Foveation,100,99,99.00,114.37,11.86,0.00,7.489,65.48,487.08,631.49,7.00,0.34,-8.21,8,1,0.039062,-8.21,-19.08,2.06,-0.50,1,univla_libero/fixed_foveation_keep50/libero_goal
UniVLA,LIBERO Goal,action_repeat2,Action repeat,100,34,34.00,244.05,12.34,123.40,9.698,39.74,510.01,785.93,-58.00,-25.40,121.47,3,61,0.000000,121.47,101.89,140.02,1.71,1,univla_libero/action_repeat2/libero_goal
UniVLA,LIBERO Goal,action_repeat4,Action repeat,100,0,0.00,300.00,8.00,240.00,8.101,27.00,514.05,1012.66,-92.00,-38.14,177.42,0,92,0.000000,177.42,164.20,189.21,0.12,0,univla_libero/action_repeat4/libero_goal
UniVLA,LIBERO Goal,depth_pruning1,Depth pruning,100,93,93.00,121.69,12.53,0.00,7.691,63.20,480.33,613.81,1.00,-1.94,-0.89,6,5,1.000000,-0.89,-11.68,10.15,-0.29,1,univla_libero/depth_pruning1/libero_goal
UniVLA,LIBERO Goal,depth_pruning2,Depth pruning,100,89,89.00,129.01,13.34,0.00,8.057,62.45,468.51,603.94,-3.00,-2.69,6.43,7,10,0.629059,6.43,-6.44,19.25,0.07,0,univla_libero/depth_pruning2/libero_goal
UniVLA,LIBERO Goal,depth_pruning4,Depth pruning,100,84,84.00,143.71,14.74,0.00,8.586,59.74,445.00,582.49,-8.00,-5.40,21.13,6,14,0.115318,21.13,5.07,36.53,0.60,0,univla_libero/depth_pruning4/libero_goal
UniVLA,LIBERO Goal,guarded_reuse_strict,Guarded reuse,100,93,93.00,121.34,12.53,0.00,7.847,64.67,488.24,626.25,1.00,-0.47,-1.24,1,0,1.000000,-1.24,-3.72,0.00,-0.14,1,univla_libero/guarded_reuse_strict/libero_goal
UniVLA,LIBERO Goal,guarded_reuse_moderate,Guarded reuse,100,93,93.00,121.54,12.56,0.00,7.793,64.12,485.34,620.44,1.00,-1.02,-1.04,1,0,1.000000,-1.04,-3.18,0.04,-0.19,0,univla_libero/guarded_reuse_moderate/libero_goal
UniVLA,LIBERO Goal,guarded_reuse_aggressive,Guarded reuse,100,92,92.00,122.56,12.65,0.00,7.869,64.20,485.05,622.05,0.00,-0.94,-0.02,0,0,1.000000,-0.02,-0.06,0.00,-0.12,0,univla_libero/guarded_reuse_aggressive/libero_goal
UniVLA,LIBERO Goal,temporal_fusion_motion_entropy,Temporal fusion,100,95,95.00,122.07,12.63,0.00,7.926,64.93,489.21,627.57,3.00,-0.21,-0.51,7,4,0.548828,-0.51,-11.87,11.26,-0.06,1,univla_libero/temporal_fusion_motion_entropy/libero_goal
UniVLA,LIBERO Goal,temporal_fusion_task_aware,Temporal fusion,100,93,93.00,123.26,12.77,0.00,8.857,71.86,557.92,693.61,1.00,6.72,0.68,6,5,1.000000,0.68,-10.48,11.66,0.87,0,univla_libero/temporal_fusion_task_aware/libero_goal
UniVLA,LIBERO Goal,temporal_fusion_conservative_adaptive,Temporal fusion,100,92,92.00,122.67,12.66,0.00,7.905,64.44,486.86,624.42,0.00,-0.70,0.09,0,0,1.000000,0.09,0.00,0.26,-0.08,0,univla_libero/temporal_fusion_conservative_adaptive/libero_goal
SmolVLA,LIBERO Goal,original,Original,100,80,80.00,147.66,147.66,0.00,43.658,295.66,280.15,295.66,0.00,0.00,0.00,,,,,,,,1,smolvla_libero/original/libero_goal
SmolVLA,LIBERO Goal,fixed_foveation_keep20,Foveation,100,58,58.00,186.72,186.72,0.00,57.516,308.04,278.88,308.04,-22.00,12.37,39.06,7,29,0.000313,39.06,18.77,57.26,13.86,0,smolvla_libero/fixed_foveation_keep20/libero_goal
SmolVLA,LIBERO Goal,fixed_foveation_keep50,Foveation,100,67,67.00,168.51,168.51,0.00,51.243,304.10,274.08,304.10,-13.00,8.43,20.85,6,19,0.014633,20.85,2.82,38.94,7.59,1,smolvla_libero/fixed_foveation_keep50/libero_goal
SmolVLA,LIBERO Goal,action_repeat2,Action repeat,100,72,72.00,164.22,82.31,81.91,25.320,154.19,278.78,154.19,-8.00,-141.48,16.56,7,15,0.133801,16.56,1.53,32.26,-18.34,1,smolvla_libero/action_repeat2/libero_goal
SmolVLA,LIBERO Goal,action_repeat4,Action repeat,100,59,59.00,197.32,49.51,147.81,16.488,83.56,276.77,83.56,-21.00,-212.10,49.66,6,27,0.000324,49.66,31.75,66.30,-27.17,0,smolvla_libero/action_repeat4/libero_goal
SmolVLA,LIBERO Goal,depth_pruning1,Depth pruning,100,62,62.00,187.03,187.03,0.00,54.896,293.51,278.24,293.51,-18.00,-2.15,39.37,6,24,0.001431,39.37,22.43,56.14,11.24,1,smolvla_libero/depth_pruning1/libero_goal
SmolVLA,LIBERO Goal,depth_pruning2,Depth pruning,100,53,53.00,210.43,210.43,0.00,60.301,286.56,271.42,286.56,-27.00,-9.10,62.77,5,32,0.000007,62.77,44.64,80.80,16.64,0,smolvla_libero/depth_pruning2/libero_goal
SmolVLA,LIBERO Goal,depth_pruning4,Depth pruning,100,28,28.00,260.99,260.99,0.00,68.597,262.83,247.34,262.83,-52.00,-32.83,113.33,2,54,0.000000,113.33,95.98,129.99,24.94,0,smolvla_libero/depth_pruning4/libero_goal
SmolVLA,LIBERO Goal,guarded_reuse_strict,Guarded reuse,100,77,77.00,151.58,151.39,0.19,41.985,276.98,262.73,276.98,-3.00,-18.68,3.92,12,15,0.701108,3.92,-13.77,21.65,-1.67,0,smolvla_libero/guarded_reuse_strict/libero_goal
SmolVLA,LIBERO Goal,guarded_reuse_moderate,Guarded reuse,100,76,76.00,152.92,152.21,0.71,42.143,275.59,262.20,275.62,-4.00,-20.08,5.26,11,15,0.557197,5.26,-12.32,22.64,-1.52,0,smolvla_libero/guarded_reuse_moderate/libero_goal
SmolVLA,LIBERO Goal,guarded_reuse_aggressive,Guarded reuse,100,79,79.00,148.58,145.36,3.22,40.180,270.43,261.50,270.67,-1.00,-25.24,0.92,12,13,1.000000,0.92,-17.03,18.95,-3.48,1,smolvla_libero/guarded_reuse_aggressive/libero_goal
SmolVLA,LIBERO Goal,temporal_fusion_motion_entropy,Temporal fusion,100,77,77.00,150.66,150.66,0.00,41.688,276.70,262.30,276.70,-3.00,-18.96,3.00,12,15,0.701108,3.00,-15.17,20.25,-1.97,0,smolvla_libero/temporal_fusion_motion_entropy/libero_goal
SmolVLA,LIBERO Goal,temporal_fusion_task_aware,Temporal fusion,100,74,74.00,158.84,158.84,0.00,44.537,280.39,266.00,280.39,-6.00,-15.27,11.18,11,17,0.344928,11.18,-7.04,29.02,0.88,0,smolvla_libero/temporal_fusion_task_aware/libero_goal
SmolVLA,LIBERO Goal,temporal_fusion_conservative_adaptive,Temporal fusion,100,78,78.00,150.04,150.04,0.00,41.902,279.27,264.80,279.27,-2.00,-16.39,2.38,14,16,0.855536,2.38,-16.39,20.50,-1.76,1,smolvla_libero/temporal_fusion_conservative_adaptive/libero_goal
OpenVLA,LIBERO Object,original,Original,100,87,87.00,165.89,165.89,0.00,28.839,173.84,157.84,160.16,0.00,0.00,0.00,,,,,,,,1,openvla_libero/original/libero_object
OpenVLA,LIBERO Object,fixed_foveation_keep20,Foveation,100,74,74.00,180.12,180.12,0.00,32.409,179.93,158.89,166.72,-13.00,6.09,14.23,8,21,0.024120,14.23,-0.97,28.61,3.57,0,openvla_libero/fixed_foveation_keep20/libero_object
OpenVLA,LIBERO Object,fixed_foveation_keep50,Foveation,100,86,86.00,166.18,166.18,0.00,29.929,180.10,158.71,167.02,-1.00,6.26,0.29,10,11,1.000000,0.29,-13.82,14.59,1.09,1,openvla_libero/fixed_foveation_keep50/libero_object
OpenVLA,LIBERO Object,action_repeat2,Action repeat,100,84,84.00,173.96,87.22,86.74,16.306,93.74,157.01,80.99,-3.00,-80.11,8.07,10,13,0.677639,8.07,-4.25,20.29,-12.53,1,openvla_libero/action_repeat2/libero_object
OpenVLA,LIBERO Object,action_repeat4,Action repeat,100,59,59.00,212.01,53.24,158.77,11.516,54.32,156.68,41.58,-28.00,-119.52,46.12,6,34,0.000008,46.12,30.85,61.61,-17.32,0,openvla_libero/action_repeat4/libero_object
OpenVLA,LIBERO Object,depth_pruning1,Depth pruning,100,85,85.00,170.03,170.03,0.00,28.625,168.35,152.93,155.24,-2.00,-5.49,4.14,10,12,0.831812,4.14,-9.40,18.59,-0.21,1,openvla_libero/depth_pruning1/libero_object
OpenVLA,LIBERO Object,depth_pruning2,Depth pruning,100,79,79.00,180.21,180.21,0.00,29.595,164.22,148.53,150.84,-8.00,-9.62,14.32,8,16,0.151590,14.32,1.74,27.19,0.76,0,openvla_libero/depth_pruning2/libero_object
OpenVLA,LIBERO Object,depth_pruning4,Depth pruning,100,65,65.00,202.99,202.99,0.00,31.690,156.12,140.68,143.00,-22.00,-17.73,37.10,7,29,0.000313,37.10,22.12,51.82,2.85,0,openvla_libero/depth_pruning4/libero_object
OpenVLA,LIBERO Object,guarded_reuse_strict,Guarded reuse,100,85,85.00,165.41,159.32,6.09,28.002,169.29,158.74,156.53,-2.00,-4.55,-0.48,4,6,0.753906,-0.48,-10.11,9.53,-0.84,1,openvla_libero/guarded_reuse_strict/libero_object
OpenVLA,LIBERO Object,guarded_reuse_moderate,Guarded reuse,100,80,80.00,171.23,161.72,9.51,28.089,164.04,156.88,152.12,-7.00,-9.80,5.34,4,11,0.118469,5.34,-5.20,17.04,-0.75,0,openvla_libero/guarded_reuse_moderate/libero_object
OpenVLA,LIBERO Object,guarded_reuse_aggressive,Guarded reuse,100,85,85.00,167.10,151.02,16.08,26.495,158.56,157.93,147.17,-2.00,-15.29,1.21,6,8,0.790527,1.21,-9.58,12.78,-2.34,0,openvla_libero/guarded_reuse_aggressive/libero_object
OpenVLA,LIBERO Object,temporal_fusion_motion_entropy,Temporal fusion,100,83,83.00,167.01,167.01,0.00,28.777,172.31,156.49,159.34,-4.00,-1.53,1.12,7,11,0.480682,1.12,-10.44,12.44,-0.06,0,openvla_libero/temporal_fusion_motion_entropy/libero_object
OpenVLA,LIBERO Object,temporal_fusion_task_aware,Temporal fusion,100,86,86.00,165.91,165.91,0.00,30.797,185.63,170.02,172.90,-1.00,11.78,0.02,9,10,1.000000,0.02,-11.69,11.87,1.96,1,openvla_libero/temporal_fusion_task_aware/libero_object
OpenVLA,LIBERO Object,temporal_fusion_conservative_adaptive,Temporal fusion,100,82,82.00,171.76,171.76,0.00,29.943,174.33,158.60,161.30,-5.00,0.48,5.87,2,7,0.179688,5.87,-0.60,12.96,1.10,0,openvla_libero/temporal_fusion_conservative_adaptive/libero_object
UniVLA,LIBERO Object,original,Original,100,96,96.00,145.82,14.98,0.00,9.101,62.41,482.34,607.51,0.00,0.00,0.00,,,,,,,,1,univla_libero/original/libero_object
UniVLA,LIBERO Object,fixed_foveation_keep20,Foveation,100,100,100.00,136.04,13.98,0.00,8.568,62.98,481.80,612.86,4.00,0.57,-9.78,4,0,0.125000,-9.78,-17.48,-2.34,-0.53,1,univla_libero/fixed_foveation_keep20/libero_object
UniVLA,LIBERO Object,fixed_foveation_keep50,Foveation,100,97,97.00,139.97,14.41,0.00,8.785,62.76,481.27,609.65,1.00,0.35,-5.85,3,2,1.000000,-5.85,-13.64,1.94,-0.32,0,univla_libero/fixed_foveation_keep50/libero_object
UniVLA,LIBERO Object,action_repeat2,Action repeat,100,21,21.00,266.12,13.41,134.10,10.007,37.60,505.86,746.22,-75.00,-24.81,120.30,1,76,0.000000,120.30,111.04,129.53,0.91,1,univla_libero/action_repeat2/libero_object
UniVLA,LIBERO Object,action_repeat4,Action repeat,100,1,1.00,279.90,7.00,210.00,6.958,24.86,511.63,993.95,-95.00,-37.55,134.08,0,95,0.000000,134.08,126.50,141.11,-2.14,0,univla_libero/action_repeat4/libero_object
UniVLA,LIBERO Object,depth_pruning1,Depth pruning,100,99,99.00,143.23,14.78,0.00,8.828,61.63,473.26,597.28,3.00,-0.78,-2.59,4,1,0.375000,-2.59,-10.82,5.78,-0.27,1,univla_libero/depth_pruning1/libero_object
UniVLA,LIBERO Object,depth_pruning2,Depth pruning,100,94,94.00,145.95,15.03,0.00,8.799,60.29,461.60,585.44,-2.00,-2.12,0.13,4,6,0.753906,0.13,-9.88,10.90,-0.30,0,univla_libero/depth_pruning2/libero_object
UniVLA,LIBERO Object,depth_pruning4,Depth pruning,100,92,92.00,153.47,15.73,0.00,8.886,57.90,439.38,564.89,-4.00,-4.51,7.65,4,8,0.387695,7.65,-2.91,18.49,-0.21,0,univla_libero/depth_pruning4/libero_object
UniVLA,LIBERO Object,guarded_reuse_strict,Guarded reuse,100,96,96.00,145.82,14.98,0.00,9.145,62.71,487.51,610.45,0.00,0.30,0.00,0,0,1.000000,0.00,0.00,0.00,0.04,1,univla_libero/guarded_reuse_strict/libero_object
UniVLA,LIBERO Object,guarded_reuse_moderate,Guarded reuse,100,96,96.00,145.82,14.98,0.00,9.159,62.81,487.45,611.42,0.00,0.40,0.00,0,0,1.000000,0.00,0.00,0.00,0.06,0,univla_libero/guarded_reuse_moderate/libero_object
UniVLA,LIBERO Object,guarded_reuse_aggressive,Guarded reuse,100,96,96.00,145.82,14.98,0.00,9.079,62.26,483.55,606.08,0.00,-0.15,0.00,0,0,1.000000,0.00,0.00,0.00,-0.02,0,univla_libero/guarded_reuse_aggressive/libero_object
UniVLA,LIBERO Object,temporal_fusion_motion_entropy,Temporal fusion,100,98,98.00,142.56,14.64,0.00,8.751,61.38,480.69,597.72,2.00,-1.03,-3.26,3,1,0.625000,-3.26,-10.36,3.78,-0.35,1,univla_libero/temporal_fusion_motion_entropy/libero_object
UniVLA,LIBERO Object,temporal_fusion_task_aware,Temporal fusion,100,97,97.00,143.03,14.64,0.00,9.674,67.64,543.06,660.80,1.00,5.23,-2.79,3,2,1.000000,-2.79,-8.81,2.74,0.57,0,univla_libero/temporal_fusion_task_aware/libero_object
UniVLA,LIBERO Object,temporal_fusion_conservative_adaptive,Temporal fusion,100,96,96.00,145.82,14.98,0.00,8.949,61.37,480.51,597.41,0.00,-1.04,0.00,0,0,1.000000,0.00,0.00,0.00,-0.15,0,univla_libero/temporal_fusion_conservative_adaptive/libero_object
SmolVLA,LIBERO Object,original,Original,100,94,94.00,162.25,162.25,0.00,47.187,290.83,276.26,290.83,0.00,0.00,0.00,,,,,,,,1,smolvla_libero/original/libero_object
SmolVLA,LIBERO Object,fixed_foveation_keep20,Foveation,100,74,74.00,189.28,189.28,0.00,58.124,307.08,279.17,307.08,-20.00,16.25,27.03,5,25,0.000325,27.03,14.49,40.71,10.94,0,smolvla_libero/fixed_foveation_keep20/libero_object
SmolVLA,LIBERO Object,fixed_foveation_keep50,Foveation,100,81,81.00,176.39,176.39,0.00,54.521,309.10,280.08,309.09,-13.00,18.27,14.14,2,15,0.002350,14.14,3.05,25.18,7.33,1,smolvla_libero/fixed_foveation_keep50/libero_object
SmolVLA,LIBERO Object,action_repeat2,Action repeat,100,90,90.00,169.02,84.75,84.27,25.379,150.16,272.60,150.16,-4.00,-140.67,6.77,5,9,0.423950,6.77,-3.32,17.07,-21.81,1,smolvla_libero/action_repeat2/libero_object
SmolVLA,LIBERO Object,action_repeat4,Action repeat,100,71,71.00,202.02,50.74,151.28,16.566,82.00,274.77,82.01,-23.00,-208.83,39.77,1,24,0.000002,39.77,27.69,52.53,-30.62,0,smolvla_libero/action_repeat4/libero_object
SmolVLA,LIBERO Object,depth_pruning1,Depth pruning,100,73,73.00,193.35,193.35,0.00,56.995,294.78,280.32,294.78,-21.00,3.95,31.10,4,25,0.000104,31.10,18.60,43.36,9.81,1,smolvla_libero/depth_pruning1/libero_object
SmolVLA,LIBERO Object,depth_pruning2,Depth pruning,100,40,40.00,233.84,233.84,0.00,67.856,290.18,276.12,290.18,-54.00,-0.65,71.59,2,56,0.000000,71.59,58.10,84.69,20.67,0,smolvla_libero/depth_pruning2/libero_object
SmolVLA,LIBERO Object,depth_pruning4,Depth pruning,100,13,13.00,266.05,266.05,0.00,64.452,242.26,229.09,242.26,-81.00,-48.57,103.80,0,81,0.000000,103.80,94.10,113.61,17.27,0,smolvla_libero/depth_pruning4/libero_object
SmolVLA,LIBERO Object,guarded_reuse_strict,Guarded reuse,100,89,89.00,164.46,164.34,0.12,45.285,275.36,262.06,275.36,-5.00,-15.47,2.21,4,9,0.266846,2.21,-8.03,12.90,-1.90,0,smolvla_libero/guarded_reuse_strict/libero_object
SmolVLA,LIBERO Object,guarded_reuse_moderate,Guarded reuse,100,89,89.00,165.23,164.86,0.37,45.401,274.77,261.88,274.78,-5.00,-16.05,2.98,4,9,0.266846,2.98,-7.46,13.83,-1.79,0,smolvla_libero/guarded_reuse_moderate/libero_object
SmolVLA,LIBERO Object,guarded_reuse_aggressive,Guarded reuse,100,90,90.00,163.60,161.27,2.33,44.608,272.67,262.85,272.80,-4.00,-18.16,1.35,5,9,0.423950,1.35,-9.57,12.76,-2.58,1,smolvla_libero/guarded_reuse_aggressive/libero_object
SmolVLA,LIBERO Object,temporal_fusion_motion_entropy,Temporal fusion,100,90,90.00,163.51,163.51,0.00,44.972,275.04,261.63,275.04,-4.00,-15.79,1.26,5,9,0.423950,1.26,-9.69,12.65,-2.21,0,smolvla_libero/temporal_fusion_motion_entropy/libero_object
SmolVLA,LIBERO Object,temporal_fusion_task_aware,Temporal fusion,100,90,90.00,162.20,162.20,0.00,45.252,278.99,265.58,278.99,-4.00,-11.84,-0.05,5,9,0.423950,-0.05,-10.40,10.58,-1.93,1,smolvla_libero/temporal_fusion_task_aware/libero_object
SmolVLA,LIBERO Object,temporal_fusion_conservative_adaptive,Temporal fusion,100,86,86.00,166.55,166.55,0.00,45.993,276.15,262.79,276.15,-8.00,-14.68,4.30,5,13,0.096252,4.30,-7.14,16.03,-1.19,0,smolvla_libero/temporal_fusion_conservative_adaptive/libero_object
OpenVLA,LIBERO Spatial,original,Original,100,78,78.00,133.91,133.91,0.00,24.235,180.98,159.93,162.23,0.00,0.00,0.00,,,,,,,,1,openvla_libero/original/libero_spatial
OpenVLA,LIBERO Spatial,fixed_foveation_keep20,Foveation,100,55,55.00,160.66,160.66,0.00,29.979,186.60,159.86,167.71,-23.00,5.62,26.75,9,32,0.000431,26.75,13.43,39.92,5.74,0,openvla_libero/fixed_foveation_keep20/libero_spatial
OpenVLA,LIBERO Spatial,fixed_foveation_keep50,Foveation,100,83,83.00,129.40,129.40,0.00,24.206,187.07,160.02,168.15,5.00,6.08,-4.51,14,9,0.404873,-4.51,-14.28,5.72,-0.03,1,openvla_libero/fixed_foveation_keep50/libero_spatial
OpenVLA,LIBERO Spatial,action_repeat2,Action repeat,100,72,72.00,142.05,71.19,70.86,14.369,101.15,160.05,82.48,-6.00,-79.83,8.14,8,14,0.286279,8.14,-1.21,17.73,-9.87,1,openvla_libero/action_repeat2/libero_spatial
OpenVLA,LIBERO Spatial,action_repeat4,Action repeat,100,47,47.00,176.24,44.22,132.02,10.805,61.31,160.80,42.60,-31.00,-119.67,42.33,7,38,0.000003,42.33,30.87,54.54,-13.43,0,openvla_libero/action_repeat4/libero_spatial
OpenVLA,LIBERO Spatial,depth_pruning1,Depth pruning,100,62,62.00,149.98,149.98,0.00,26.254,175.05,153.56,155.88,-16.00,-5.93,16.07,10,26,0.011331,16.07,3.25,27.75,2.02,1,openvla_libero/depth_pruning1/libero_spatial
OpenVLA,LIBERO Spatial,depth_pruning2,Depth pruning,100,56,56.00,158.40,158.40,0.00,27.248,172.02,150.88,153.18,-22.00,-8.96,24.49,9,31,0.000680,24.49,11.58,36.84,3.01,0,openvla_libero/depth_pruning2/libero_spatial
OpenVLA,LIBERO Spatial,depth_pruning4,Depth pruning,100,48,48.00,172.03,172.03,0.00,27.655,160.76,140.13,142.44,-30.00,-20.22,38.12,7,37,0.000005,38.12,25.56,50.32,3.42,0,openvla_libero/depth_pruning4/libero_spatial
OpenVLA,LIBERO Spatial,guarded_reuse_strict,Guarded reuse,100,82,82.00,129.59,126.97,2.62,23.000,177.48,159.14,158.84,4.00,-3.50,-4.32,5,1,0.218750,-4.32,-9.66,0.35,-1.24,1,openvla_libero/guarded_reuse_strict/libero_spatial
OpenVLA,LIBERO Spatial,guarded_reuse_moderate,Guarded reuse,100,76,76.00,135.84,131.05,4.79,23.773,175.01,158.82,156.35,-2.00,-5.98,1.93,6,8,0.790527,1.93,-5.44,9.26,-0.46,0,openvla_libero/guarded_reuse_moderate/libero_spatial
OpenVLA,LIBERO Spatial,guarded_reuse_aggressive,Guarded reuse,100,77,77.00,137.62,125.22,12.40,22.975,166.95,159.46,149.08,-1.00,-14.04,3.71,10,11,1.000000,3.71,-5.86,12.94,-1.26,0,openvla_libero/guarded_reuse_aggressive/libero_spatial
OpenVLA,LIBERO Spatial,temporal_fusion_motion_entropy,Temporal fusion,100,85,85.00,125.72,125.72,0.00,22.732,180.81,159.01,161.86,7.00,-0.17,-8.19,12,5,0.143463,-8.19,-16.86,0.59,-1.50,1,openvla_libero/temporal_fusion_motion_entropy/libero_spatial
OpenVLA,LIBERO Spatial,temporal_fusion_task_aware,Temporal fusion,100,77,77.00,137.66,137.66,0.00,26.608,193.29,171.35,174.22,-1.00,12.31,3.75,12,13,1.000000,3.75,-7.06,14.25,2.37,0,openvla_libero/temporal_fusion_task_aware/libero_spatial
OpenVLA,LIBERO Spatial,temporal_fusion_conservative_adaptive,Temporal fusion,100,79,79.00,133.39,133.39,0.00,24.163,181.15,159.69,162.39,1.00,0.16,-0.52,5,4,1.000000,-0.52,-7.02,5.42,-0.07,0,openvla_libero/temporal_fusion_conservative_adaptive/libero_spatial
UniVLA,LIBERO Spatial,original,Original,100,95,95.00,108.31,11.27,0.00,7.825,72.25,514.17,694.35,0.00,0.00,0.00,,,,,,,,1,univla_libero/original/libero_spatial
UniVLA,LIBERO Spatial,fixed_foveation_keep20,Foveation,100,91,91.00,114.42,11.81,0.00,8.530,74.55,533.07,722.27,-4.00,2.30,6.11,1,5,0.218750,6.11,-0.25,12.84,0.70,0,univla_libero/fixed_foveation_keep20/libero_spatial
UniVLA,LIBERO Spatial,fixed_foveation_keep50,Foveation,100,96,96.00,108.93,11.29,0.00,8.047,73.88,523.64,712.79,1.00,1.63,0.62,5,4,1.000000,0.62,-6.64,8.29,0.22,1,univla_libero/fixed_foveation_keep50/libero_spatial
UniVLA,LIBERO Spatial,action_repeat2,Action repeat,100,27,27.00,208.63,10.55,105.50,9.683,46.41,539.39,917.78,-68.00,-25.84,100.32,0,68,0.000000,100.32,92.76,107.53,1.86,1,univla_libero/action_repeat2/libero_spatial
UniVLA,LIBERO Spatial,action_repeat4,Action repeat,100,0,0.00,220.00,6.00,180.00,7.281,33.10,537.21,1213.56,-95.00,-39.15,111.69,0,95,0.000000,111.69,105.33,117.38,-0.54,0,univla_libero/action_repeat4/libero_spatial
UniVLA,LIBERO Spatial,depth_pruning1,Depth pruning,100,96,96.00,107.83,11.18,0.00,7.720,71.59,510.92,690.48,1.00,-0.66,-0.48,5,4,1.000000,-0.48,-8.44,7.13,-0.11,1,univla_libero/depth_pruning1/libero_spatial
UniVLA,LIBERO Spatial,depth_pruning2,Depth pruning,100,94,94.00,111.46,11.57,0.00,7.818,70.15,496.79,675.75,-1.00,-2.10,3.15,5,6,1.000000,3.15,-5.65,11.69,-0.01,0,univla_libero/depth_pruning2/libero_spatial
UniVLA,LIBERO Spatial,depth_pruning4,Depth pruning,100,94,94.00,109.17,11.34,0.00,7.346,67.29,467.27,647.80,-1.00,-4.96,0.86,4,5,1.000000,0.86,-6.96,8.39,-0.48,0,univla_libero/depth_pruning4/libero_spatial
UniVLA,LIBERO Spatial,guarded_reuse_strict,Guarded reuse,100,95,95.00,108.31,11.27,0.00,7.936,73.27,525.30,704.14,0.00,1.02,0.00,0,0,1.000000,0.00,0.00,0.00,0.11,1,univla_libero/guarded_reuse_strict/libero_spatial
UniVLA,LIBERO Spatial,guarded_reuse_moderate,Guarded reuse,100,95,95.00,108.31,11.27,0.00,7.907,73.00,520.33,701.60,0.00,0.75,0.00,0,0,1.000000,0.00,0.00,0.00,0.08,0,univla_libero/guarded_reuse_moderate/libero_spatial
UniVLA,LIBERO Spatial,guarded_reuse_aggressive,Guarded reuse,100,95,95.00,108.31,11.27,0.00,7.860,72.57,518.24,697.41,0.00,0.32,0.00,0,0,1.000000,0.00,0.00,0.00,0.03,0,univla_libero/guarded_reuse_aggressive/libero_spatial
UniVLA,LIBERO Spatial,temporal_fusion_motion_entropy,Temporal fusion,100,91,91.00,113.66,11.72,0.00,8.308,73.09,526.90,708.85,-4.00,0.84,5.35,1,5,0.218750,5.35,0.69,11.03,0.48,0,univla_libero/temporal_fusion_motion_entropy/libero_spatial
UniVLA,LIBERO Spatial,temporal_fusion_task_aware,Temporal fusion,100,92,92.00,112.80,11.70,0.00,9.126,80.90,599.39,779.97,-3.00,8.65,4.49,1,4,0.375000,4.49,-0.31,10.23,1.30,0,univla_libero/temporal_fusion_task_aware/libero_spatial
UniVLA,LIBERO Spatial,temporal_fusion_conservative_adaptive,Temporal fusion,100,95,95.00,108.31,11.27,0.00,7.816,72.17,513.44,693.56,0.00,-0.08,0.00,0,0,1.000000,0.00,0.00,0.00,-0.01,1,univla_libero/temporal_fusion_conservative_adaptive/libero_spatial
SmolVLA,LIBERO Spatial,original,Original,100,76,76.00,132.92,132.92,0.00,38.851,292.29,271.85,292.29,0.00,0.00,0.00,,,,,,,,1,smolvla_libero/original/libero_spatial
SmolVLA,LIBERO Spatial,fixed_foveation_keep20,Foveation,100,63,63.00,149.31,149.31,0.00,45.968,307.87,273.75,307.87,-13.00,15.58,16.39,13,26,0.053252,16.39,2.87,29.46,7.12,0,smolvla_libero/fixed_foveation_keep20/libero_spatial
SmolVLA,LIBERO Spatial,fixed_foveation_keep50,Foveation,100,76,76.00,135.92,135.92,0.00,42.656,313.83,278.98,313.83,0.00,21.54,3.00,12,12,1.000000,3.00,-8.22,14.08,3.80,1,smolvla_libero/fixed_foveation_keep50/libero_spatial
SmolVLA,LIBERO Spatial,action_repeat2,Action repeat,100,64,64.00,148.18,74.23,73.95,23.371,157.72,275.74,157.72,-12.00,-134.57,15.26,13,25,0.072951,15.26,1.19,28.41,-15.48,1,smolvla_libero/action_repeat2/libero_spatial
SmolVLA,LIBERO Spatial,action_repeat4,Action repeat,100,35,35.00,189.73,47.59,142.14,16.575,87.36,272.62,87.36,-41.00,-204.93,56.81,7,48,0.000000,56.81,43.47,70.25,-22.28,0,smolvla_libero/action_repeat4/libero_spatial
SmolVLA,LIBERO Spatial,depth_pruning1,Depth pruning,100,62,62.00,151.44,151.44,0.00,44.841,296.10,275.73,296.09,-14.00,3.80,18.52,12,26,0.033552,18.52,5.10,31.68,5.99,1,smolvla_libero/depth_pruning1/libero_spatial
SmolVLA,LIBERO Spatial,depth_pruning2,Depth pruning,100,38,38.00,177.76,177.76,0.00,53.106,298.75,278.24,298.75,-38.00,6.46,44.84,10,48,0.000000,44.84,29.87,58.80,14.25,0,smolvla_libero/depth_pruning2/libero_spatial
SmolVLA,LIBERO Spatial,depth_pruning4,Depth pruning,100,29,29.00,188.55,188.55,0.00,55.605,294.91,274.34,294.91,-47.00,2.62,55.63,6,53,0.000000,55.63,41.86,68.65,16.75,0,smolvla_libero/depth_pruning4/libero_spatial
SmolVLA,LIBERO Spatial,guarded_reuse_strict,Guarded reuse,100,78,78.00,130.84,130.81,0.03,36.916,282.15,262.89,282.15,2.00,-10.14,-2.08,12,10,0.831812,-2.08,-12.64,8.57,-1.94,1,smolvla_libero/guarded_reuse_strict/libero_spatial
SmolVLA,LIBERO Spatial,guarded_reuse_moderate,Guarded reuse,100,78,78.00,130.85,130.52,0.33,36.581,279.56,260.94,279.57,2.00,-12.73,-2.07,13,11,0.838820,-2.07,-13.16,9.10,-2.27,0,smolvla_libero/guarded_reuse_moderate/libero_spatial
SmolVLA,LIBERO Spatial,guarded_reuse_aggressive,Guarded reuse,100,76,76.00,132.96,131.14,1.82,36.873,277.32,261.66,277.39,0.00,-14.97,0.04,13,13,1.000000,0.04,-11.70,11.48,-1.98,0,smolvla_libero/guarded_reuse_aggressive/libero_spatial
SmolVLA,LIBERO Spatial,temporal_fusion_motion_entropy,Temporal fusion,100,81,81.00,127.16,127.16,0.00,35.988,283.02,263.89,283.01,5.00,-9.28,-5.76,12,7,0.359283,-5.76,-15.53,3.96,-2.86,0,smolvla_libero/temporal_fusion_motion_entropy/libero_spatial
SmolVLA,LIBERO Spatial,temporal_fusion_task_aware,Temporal fusion,100,82,82.00,126.14,126.14,0.00,35.972,285.17,265.88,285.17,6.00,-7.12,-6.78,14,8,0.286279,-6.78,-17.77,4.00,-2.88,1,smolvla_libero/temporal_fusion_task_aware/libero_spatial
SmolVLA,LIBERO Spatial,temporal_fusion_conservative_adaptive,Temporal fusion,100,78,78.00,130.09,130.09,0.00,37.058,284.86,265.57,284.86,2.00,-7.43,-2.83,13,11,0.838820,-2.83,-13.50,7.89,-1.79,0,smolvla_libero/temporal_fusion_conservative_adaptive/libero_spatial
