backbone,env,family,configuration,n,win,loss,delta_pts,p_mcnemar,dsteps,dsteps_lo,dsteps_hi,dtime_s,unpaired,in_table
CogACT,WidowX,Action repeat,action_repeat2,200,6,82,-38.0000,0.0000,19.7600,15.2800,24.2050,-0.6972,0,1
CogACT,WidowX,Action repeat,action_repeat4,200,3,94,-45.5000,0.0000,23.4250,18.9900,27.9150,-2.1785,0,0
CogACT,WidowX,Depth pruning,depth_pruning1,200,27,13,7.0000,0.0385,-3.2700,-6.6450,-0.3250,-0.5926,0,0
CogACT,WidowX,Depth pruning,depth_pruning2,200,34,15,9.5000,0.0094,-3.7100,-6.8000,-0.6700,-0.7171,0,1
CogACT,WidowX,Depth pruning,depth_pruning4,200,37,32,2.5000,0.6305,-1.0050,-5.0900,2.8200,-0.4446,0,0
CogACT,WidowX,Foveation,fixed_foveation_keep20,200,31,26,2.5000,0.5966,-4.2750,-8.2250,-0.7050,0.2480,0,1
CogACT,WidowX,Foveation,fixed_foveation_keep50,200,21,16,2.5000,0.5114,-2.4850,-5.7200,0.5950,0.6717,0,0
CogACT,WidowX,Guarded reuse,guarded_reuse_aggressive,200,18,12,3.0000,0.3616,-1.0750,-3.6950,1.4050,-0.2893,0,1
CogACT,WidowX,Guarded reuse,guarded_reuse_moderate,200,22,22,0.0000,1.0000,0.9900,-2.6750,4.6350,0.0834,0,0
CogACT,WidowX,Guarded reuse,guarded_reuse_strict,200,13,10,1.5000,0.6776,-0.5150,-3.4500,2.2300,-0.0873,0,0
CogACT,WidowX,Temporal fusion,temporal_fusion_conservative_adaptive,200,23,19,2.0000,0.6440,-1.9150,-5.2000,1.0750,-0.2733,0,0
CogACT,WidowX,Temporal fusion,temporal_fusion_motion_entropy,200,29,13,8.0000,0.0195,-3.4350,-6.3000,-0.9650,-0.4647,0,1
CogACT,WidowX,Temporal fusion,temporal_fusion_task_aware,200,29,13,8.0000,0.0195,-3.4350,-6.3000,-0.9650,-0.4560,0,0
CronusVLA,WidowX,Action repeat,action_repeat2,200,2,63,-30.5000,0.0000,22.8400,17.8950,28.3550,-0.1446,0,1
CronusVLA,WidowX,Action repeat,action_repeat4,200,0,68,-34.0000,0.0000,24.4450,19.3050,30.0150,-1.5739,0,0
CronusVLA,WidowX,Depth pruning,depth_pruning1,200,13,10,1.5000,0.6776,-0.5300,-2.1550,0.8800,-0.2515,0,0
CronusVLA,WidowX,Depth pruning,depth_pruning2,200,17,13,2.0000,0.5847,-0.0350,-1.6500,1.6350,-0.3623,0,1
CronusVLA,WidowX,Depth pruning,depth_pruning4,200,6,17,-5.5000,0.0347,1.9600,0.0900,4.0100,-0.4077,0,0
CronusVLA,WidowX,Foveation,fixed_foveation_keep20,200,16,11,2.5000,0.4421,-1.6350,-3.4600,0.0450,0.7761,0,1
CronusVLA,WidowX,Foveation,fixed_foveation_keep50,200,10,10,0.0000,1.0000,-0.1150,-1.4500,1.2050,1.0498,0,0
CronusVLA,WidowX,Guarded reuse,guarded_reuse_aggressive,200,9,5,2.0000,0.4240,-0.8200,-2.2800,0.3600,-0.1237,0,0
CronusVLA,WidowX,Guarded reuse,guarded_reuse_moderate,200,9,5,2.0000,0.4240,-0.8200,-2.2800,0.3600,-0.1978,0,0
CronusVLA,WidowX,Guarded reuse,guarded_reuse_strict,200,9,5,2.0000,0.4240,-0.8200,-2.2800,0.3600,-0.1218,0,1
CronusVLA,WidowX,Temporal fusion,temporal_fusion_conservative_adaptive,200,9,10,-0.5000,1.0000,0.6500,-0.9800,2.3250,0.1775,0,0
CronusVLA,WidowX,Temporal fusion,temporal_fusion_motion_entropy,200,9,10,-0.5000,1.0000,0.6500,-0.9800,2.3250,0.1372,0,1
CronusVLA,WidowX,Temporal fusion,temporal_fusion_task_aware,200,9,10,-0.5000,1.0000,0.6500,-0.9800,2.3250,0.1578,0,0
MiniVLA,WidowX,Action repeat,action_repeat2,200,15,27,-6.0000,0.0884,3.1000,0.2350,5.8250,-2.9060,0,1
MiniVLA,WidowX,Action repeat,action_repeat4,200,26,40,-7.0000,0.1089,3.0750,-0.4350,6.5000,-4.5857,0,0
MiniVLA,WidowX,Depth pruning,depth_pruning1,200,16,51,-17.5000,0.0000,3.5950,-0.2400,7.1600,0.3005,0,1
MiniVLA,WidowX,Depth pruning,depth_pruning2,200,0,72,-36.0000,0.0000,11.1600,8.5300,14.0650,0.8021,0,0
MiniVLA,WidowX,Depth pruning,depth_pruning4,200,0,72,-36.0000,0.0000,11.1600,8.5300,14.0650,0.3014,0,0
MiniVLA,WidowX,Foveation,fixed_foveation_keep20,200,23,39,-8.0000,0.0559,-0.4750,-4.2300,2.8850,0.6107,0,0
MiniVLA,WidowX,Foveation,fixed_foveation_keep50,200,28,30,-1.0000,0.8957,-0.9300,-4.4750,2.2600,0.2968,0,1
MiniVLA,WidowX,Guarded reuse,guarded_reuse_aggressive,200,6,11,-2.5000,0.3323,1.5300,-0.2600,3.4050,-0.0735,0,0
MiniVLA,WidowX,Guarded reuse,guarded_reuse_moderate,200,13,13,0.0000,1.0000,0.2000,-2.2000,2.7600,-0.1717,0,0
MiniVLA,WidowX,Guarded reuse,guarded_reuse_strict,200,11,6,2.5000,0.3323,-1.1900,-3.7400,0.9750,-0.4244,0,1
MiniVLA,WidowX,Temporal fusion,temporal_fusion_conservative_adaptive,200,15,10,2.5000,0.4244,-0.7500,-3.5400,1.9650,-0.1667,0,0
MiniVLA,WidowX,Temporal fusion,temporal_fusion_motion_entropy,200,20,14,3.0000,0.3915,-2.6750,-5.3150,-0.2500,-0.3747,0,1
MiniVLA,WidowX,Temporal fusion,temporal_fusion_task_aware,200,19,20,-0.5000,1.0000,-0.2000,-2.8050,2.3400,0.7674,0,0
OpenVLA,WidowX,Action repeat,action_repeat2,200,23,54,-15.5000,0.0005,9.5850,4.6700,14.5900,-2.8217,0,1
OpenVLA,WidowX,Action repeat,action_repeat4,200,14,72,-29.0000,0.0000,17.5000,12.7750,22.1750,-4.5173,0,0
OpenVLA,WidowX,Depth pruning,depth_pruning1,200,32,32,0.0000,1.0000,0.7450,-3.3900,4.8100,-0.1355,0,0
OpenVLA,WidowX,Depth pruning,depth_pruning2,200,34,26,4.0000,0.3663,0.3400,-3.7950,4.5150,-0.4802,0,1
OpenVLA,WidowX,Depth pruning,depth_pruning4,200,19,31,-6.0000,0.1189,2.8850,-0.6550,6.1900,-0.4759,0,0
OpenVLA,WidowX,Foveation,fixed_foveation_keep20,200,15,57,-21.0000,0.0000,14.3300,9.5500,19.3650,3.3991,0,0
OpenVLA,WidowX,Foveation,fixed_foveation_keep50,200,32,59,-13.5000,0.0061,11.6050,6.2800,16.8700,2.9047,0,1
OpenVLA,WidowX,Guarded reuse,guarded_reuse_aggressive,200,18,23,-2.5000,0.5327,1.7850,-1.4500,4.8400,-0.1848,0,0
OpenVLA,WidowX,Guarded reuse,guarded_reuse_moderate,200,10,14,-2.0000,0.5413,1.2050,-1.6000,4.3250,-0.2052,0,0
OpenVLA,WidowX,Guarded reuse,guarded_reuse_strict,200,12,8,2.0000,0.5034,-1.2250,-4.0500,1.4050,-0.6311,0,1
OpenVLA,WidowX,Temporal fusion,temporal_fusion_conservative_adaptive,200,18,9,4.5000,0.1221,-2.3900,-5.7750,0.8300,-0.5961,0,0
OpenVLA,WidowX,Temporal fusion,temporal_fusion_motion_entropy,200,29,34,-2.5000,0.6147,3.9300,0.2200,7.8400,0.7578,0,0
OpenVLA,WidowX,Temporal fusion,temporal_fusion_task_aware,200,41,27,7.0000,0.1143,-0.3800,-4.2000,3.5950,0.5333,0,1
SpatialVLA,WidowX,Action repeat,action_repeat2,200,17,25,-4.0000,0.2800,4.2300,2.0550,6.5850,-7.5148,0,1
SpatialVLA,WidowX,Action repeat,action_repeat4,200,16,48,-16.0000,0.0001,17.2550,13.4700,21.1750,-10.5189,0,0
SpatialVLA,WidowX,Depth pruning,depth_pruning1,200,8,21,-6.5000,0.0241,4.5600,2.3300,7.0800,1.1824,0,1
SpatialVLA,WidowX,Depth pruning,depth_pruning2,200,4,38,-17.0000,0.0000,10.1750,7.1500,13.4650,2.8547,0,0
SpatialVLA,WidowX,Depth pruning,depth_pruning4,200,12,74,-31.0000,0.0000,25.7350,20.4250,31.4000,7.4260,0,0
SpatialVLA,WidowX,Foveation,fixed_foveation_keep20,200,21,11,5.0000,0.1102,0.4200,-1.1500,1.9450,1.1933,0,1
SpatialVLA,WidowX,Foveation,fixed_foveation_keep50,200,19,20,-0.5000,1.0000,0.9150,-1.0200,2.8250,1.4109,0,0
SpatialVLA,WidowX,Guarded reuse,guarded_reuse_aggressive,200,2,1,0.5000,1.0000,-0.0200,-0.1000,0.0550,-0.0504,0,1
SpatialVLA,WidowX,Guarded reuse,guarded_reuse_moderate,200,1,1,0.0000,1.0000,-0.0350,-0.1650,0.0700,0.0544,0,0
SpatialVLA,WidowX,Guarded reuse,guarded_reuse_strict,200,0,0,0.0000,1.0000,0.0000,0.0000,0.0000,-0.0426,0,0
SpatialVLA,WidowX,Temporal fusion,temporal_fusion_conservative_adaptive,200,1,1,0.0000,1.0000,0.5450,-0.1700,1.7350,0.3546,0,0
SpatialVLA,WidowX,Temporal fusion,temporal_fusion_motion_entropy,200,15,13,1.0000,0.8506,0.1900,-1.2650,1.7200,0.2834,0,1
SpatialVLA,WidowX,Temporal fusion,temporal_fusion_task_aware,200,8,10,-1.0000,0.8145,0.3300,-0.7800,1.4800,0.2862,0,0
UniVLA,WidowX,Action repeat,action_repeat2,200,2,152,-75.0000,0.0000,41.7200,37.3450,46.0800,2.3947,0,1
UniVLA,WidowX,Action repeat,action_repeat4,200,1,170,-84.5000,0.0000,44.3050,40.3050,48.7050,0.0888,0,0
UniVLA,WidowX,Depth pruning,depth_pruning1,200,8,19,-5.5000,0.0522,2.2400,0.2850,4.2200,0.2438,0,0
UniVLA,WidowX,Depth pruning,depth_pruning2,200,8,19,-5.5000,0.0522,1.4250,-0.7300,3.4150,0.0091,0,1
UniVLA,WidowX,Depth pruning,depth_pruning4,200,9,21,-6.0000,0.0428,2.1050,-0.1800,4.2200,-0.1727,0,0
UniVLA,WidowX,Foveation,fixed_foveation_keep20,200,11,28,-8.5000,0.0095,4.3550,1.7750,6.8900,0.8654,0,1
UniVLA,WidowX,Foveation,fixed_foveation_keep50,200,9,38,-14.5000,0.0000,7.1550,4.6250,9.6350,1.3184,0,0
UniVLA,WidowX,Guarded reuse,guarded_reuse_aggressive,200,0,2,-1.0000,0.5000,0.3500,-0.1900,1.0300,0.0585,0,0
UniVLA,WidowX,Guarded reuse,guarded_reuse_moderate,200,0,0,0.0000,1.0000,-0.1450,-0.4350,0.0350,-0.0672,0,1
UniVLA,WidowX,Guarded reuse,guarded_reuse_strict,200,0,0,0.0000,1.0000,0.0000,0.0000,0.0000,0.0062,0,0
UniVLA,WidowX,Temporal fusion,temporal_fusion_conservative_adaptive,200,0,0,0.0000,1.0000,0.0000,0.0000,0.0000,0.0215,0,1
UniVLA,WidowX,Temporal fusion,temporal_fusion_motion_entropy,200,6,17,-5.5000,0.0347,1.4100,-0.4950,3.2300,0.1994,0,0
UniVLA,WidowX,Temporal fusion,temporal_fusion_task_aware,200,5,84,-39.5000,0.0000,-7.6800,-10.0700,-5.4850,-0.7346,0,0
CogACT,Fractal,Action repeat,action_repeat2,250,16,19,-1.2000,0.7359,1.8920,-0.8800,4.6240,-1.8931,0,1
CogACT,Fractal,Action repeat,action_repeat4,250,23,70,-18.8000,0.0000,13.3320,9.5240,16.9920,-1.8986,0,0
CogACT,Fractal,Depth pruning,depth_pruning1,250,6,10,-1.6000,0.4545,-0.5960,-2.0040,0.8680,-0.0518,0,0
CogACT,Fractal,Depth pruning,depth_pruning2,250,7,10,-1.2000,0.6291,-0.8440,-2.6480,0.9480,-0.1698,0,0
CogACT,Fractal,Depth pruning,depth_pruning4,250,9,9,0.0000,1.0000,-0.8560,-2.6840,1.0080,-0.3649,0,1
CogACT,Fractal,Foveation,fixed_foveation_keep20,250,11,16,-2.0000,0.4421,0.5440,-1.5240,2.6880,1.0349,0,0
CogACT,Fractal,Foveation,fixed_foveation_keep50,250,12,11,0.4000,1.0000,-0.4360,-2.3760,1.6040,1.0589,0,1
CogACT,Fractal,Guarded reuse,guarded_reuse_aggressive,250,5,5,0.0000,1.0000,-1.1440,-2.4880,0.1160,0.1252,0,0
CogACT,Fractal,Guarded reuse,guarded_reuse_moderate,250,5,4,0.4000,1.0000,-0.3480,-1.6640,0.9920,-0.0167,0,1
CogACT,Fractal,Guarded reuse,guarded_reuse_strict,250,0,0,0.0000,1.0000,-0.0720,-0.3040,0.1680,-0.0256,0,0
CogACT,Fractal,Temporal fusion,temporal_fusion_conservative_adaptive,250,1,4,-1.2000,0.3750,-0.2320,-1.1400,0.5720,0.0627,0,1
CogACT,Fractal,Temporal fusion,temporal_fusion_motion_entropy,250,4,9,-2.0000,0.2668,-0.1040,-1.6840,1.4440,0.3146,0,0
CogACT,Fractal,Temporal fusion,temporal_fusion_task_aware,250,4,9,-2.0000,0.2668,-0.1040,-1.6840,1.4440,0.0751,0,0
CronusVLA,Fractal,Action repeat,action_repeat2,250,15,8,2.8000,0.2100,6.0920,3.7920,8.6560,-1.5103,0,1
CronusVLA,Fractal,Action repeat,action_repeat4,250,6,30,-9.6000,0.0001,22.7960,19.5640,26.2360,-1.3009,0,0
CronusVLA,Fractal,Depth pruning,depth_pruning1,250,9,7,0.8000,0.8036,-1.1680,-2.8920,0.4840,-0.2969,0,1
CronusVLA,Fractal,Depth pruning,depth_pruning2,250,4,14,-4.0000,0.0309,2.0560,0.3280,3.7760,0.0237,0,0
CronusVLA,Fractal,Depth pruning,depth_pruning4,250,4,15,-4.4000,0.0192,2.6440,0.9240,4.3840,-0.1858,0,0
CronusVLA,Fractal,Foveation,fixed_foveation_keep20,250,9,12,-1.2000,0.6636,0.0320,-1.8680,1.9840,1.1954,0,0
CronusVLA,Fractal,Foveation,fixed_foveation_keep50,250,12,9,1.2000,0.6636,-1.2400,-3.2000,0.5960,1.0536,0,1
CronusVLA,Fractal,Guarded reuse,guarded_reuse_aggressive,250,9,6,1.2000,0.6072,-0.6040,-2.2080,0.9480,-0.3358,0,1
CronusVLA,Fractal,Guarded reuse,guarded_reuse_moderate,250,4,6,-0.8000,0.7539,0.5360,-1.0360,2.0920,-0.0291,0,0
CronusVLA,Fractal,Guarded reuse,guarded_reuse_strict,250,6,9,-1.2000,0.6072,0.5920,-1.1800,2.3200,-0.0119,0,0
CronusVLA,Fractal,Temporal fusion,temporal_fusion_conservative_adaptive,250,9,5,1.6000,0.4240,-0.8000,-2.2920,0.6200,-0.0436,0,0
CronusVLA,Fractal,Temporal fusion,temporal_fusion_motion_entropy,250,9,5,1.6000,0.4240,-0.8000,-2.2920,0.6200,-0.0348,0,1
CronusVLA,Fractal,Temporal fusion,temporal_fusion_task_aware,250,9,5,1.6000,0.4240,-0.8000,-2.2920,0.6200,-0.0619,0,0
OpenVLA,Fractal,Action repeat,action_repeat2,250,38,27,4.4000,0.2145,-1.4000,-4.1760,1.5120,-5.4106,0,1
OpenVLA,Fractal,Action repeat,action_repeat4,250,34,34,0.0000,1.0000,2.7080,-0.0520,5.4880,-7.4425,0,0
OpenVLA,Fractal,Depth pruning,depth_pruning1,250,33,26,2.8000,0.4350,-1.4760,-4.1040,1.1600,-0.5526,0,0
OpenVLA,Fractal,Depth pruning,depth_pruning2,250,37,24,5.2000,0.1237,-2.4560,-5.3240,0.2760,-1.1470,0,1
OpenVLA,Fractal,Depth pruning,depth_pruning4,250,38,35,1.2000,0.8151,-1.5120,-4.5040,1.3920,-1.3966,0,0
OpenVLA,Fractal,Foveation,fixed_foveation_keep20,250,8,78,-28.0000,0.0000,11.9840,9.1160,14.9440,3.5779,0,0
OpenVLA,Fractal,Foveation,fixed_foveation_keep50,250,22,50,-11.2000,0.0013,3.9240,0.5320,7.1400,1.6057,0,1
OpenVLA,Fractal,Guarded reuse,guarded_reuse_aggressive,250,2,3,-0.4000,1.0000,-0.0640,-0.5800,0.3960,-0.3376,0,0
OpenVLA,Fractal,Guarded reuse,guarded_reuse_moderate,250,2,0,0.8000,0.5000,-0.1160,-0.4000,0.0920,-0.2244,0,1
OpenVLA,Fractal,Guarded reuse,guarded_reuse_strict,250,1,0,0.4000,1.0000,-0.0200,-0.2280,0.1120,-0.2609,0,0
OpenVLA,Fractal,Temporal fusion,temporal_fusion_conservative_adaptive,250,7,4,1.2000,0.5488,-1.0400,-2.2400,0.0120,-0.2145,0,0
OpenVLA,Fractal,Temporal fusion,temporal_fusion_motion_entropy,250,39,23,6.4000,0.0559,-2.2840,-4.8520,0.3040,-0.3654,0,0
OpenVLA,Fractal,Temporal fusion,temporal_fusion_task_aware,250,29,12,6.8000,0.0115,-2.8760,-5.2400,-0.5800,0.1888,0,1
SpatialVLA,Fractal,Action repeat,action_repeat2,250,33,33,0.0000,1.0000,0.8280,-2.3200,3.9240,-9.0547,0,1
SpatialVLA,Fractal,Action repeat,action_repeat4,250,19,93,-29.6000,0.0000,16.3040,12.5840,20.2840,-11.3713,0,0
SpatialVLA,Fractal,Depth pruning,depth_pruning1,250,12,25,-5.2000,0.0470,1.0600,-1.3200,3.4880,-0.2789,0,0
SpatialVLA,Fractal,Depth pruning,depth_pruning2,250,17,23,-2.4000,0.4296,1.1640,-1.5760,3.9600,-0.6707,0,1
SpatialVLA,Fractal,Depth pruning,depth_pruning4,250,7,47,-16.0000,0.0000,5.7720,2.9840,8.5560,-0.2181,0,0
SpatialVLA,Fractal,Foveation,fixed_foveation_keep20,250,17,27,-4.0000,0.1742,-0.8280,-3.6120,1.8760,0.8479,0,0
SpatialVLA,Fractal,Foveation,fixed_foveation_keep50,250,16,21,-2.0000,0.5114,-0.4280,-2.8440,1.9440,1.2050,0,1
SpatialVLA,Fractal,Guarded reuse,guarded_reuse_aggressive,250,3,4,-0.4000,1.0000,0.3560,-0.3120,0.9960,-0.2860,0,0
SpatialVLA,Fractal,Guarded reuse,guarded_reuse_moderate,250,2,0,0.8000,0.5000,-0.1400,-0.6600,0.2120,-0.2143,0,1
SpatialVLA,Fractal,Guarded reuse,guarded_reuse_strict,250,0,0,0.0000,1.0000,0.0360,-0.0040,0.0880,-0.1493,0,0
SpatialVLA,Fractal,Temporal fusion,temporal_fusion_conservative_adaptive,250,0,0,0.0000,1.0000,0.0840,-0.0560,0.2800,0.1648,0,0
SpatialVLA,Fractal,Temporal fusion,temporal_fusion_motion_entropy,250,17,20,-1.2000,0.7428,-0.1600,-2.3760,2.1440,0.0034,0,0
SpatialVLA,Fractal,Temporal fusion,temporal_fusion_task_aware,250,12,10,0.8000,0.8318,-1.8680,-3.8560,0.1440,-0.6747,0,1
UniVLA,LIBERO Long,Action repeat,action_repeat2,100,2,61,-59.0000,0.0000,185.1400,161.2700,208.5200,-0.0662,0,1
UniVLA,LIBERO Long,Action repeat,action_repeat4,100,0,85,-85.0000,0.0000,237.0600,216.1200,257.6900,-4.3228,0,0
UniVLA,LIBERO Long,Depth pruning,depth_pruning1,100,8,6,2.0000,0.7905,5.7600,-13.8100,27.5900,-0.1767,0,0
UniVLA,LIBERO Long,Depth pruning,depth_pruning2,100,10,7,3.0000,0.6291,2.2500,-18.4000,23.7100,-0.6138,0,1
UniVLA,LIBERO Long,Depth pruning,depth_pruning4,100,8,8,0.0000,1.0000,24.1300,3.2500,45.8000,-0.2250,0,0
UniVLA,LIBERO Long,Foveation,fixed_foveation_keep20,100,8,8,0.0000,1.0000,-4.6200,-26.2200,16.5000,-0.2126,0,0
UniVLA,LIBERO Long,Foveation,fixed_foveation_keep50,100,8,4,4.0000,0.3877,-11.4800,-29.1200,5.8000,-0.4894,0,1
UniVLA,LIBERO Long,Guarded reuse,guarded_reuse_aggressive,100,0,0,0.0000,1.0000,0.8700,0.1200,1.8100,-0.4071,0,0
UniVLA,LIBERO Long,Guarded reuse,guarded_reuse_moderate,100,0,0,0.0000,1.0000,0.5300,-0.0700,1.2900,0.0302,0,0
UniVLA,LIBERO Long,Guarded reuse,guarded_reuse_strict,100,0,0,0.0000,1.0000,0.2200,-0.7700,1.1700,-0.0945,0,1
UniVLA,LIBERO Long,Temporal fusion,temporal_fusion_conservative_adaptive,100,0,0,0.0000,1.0000,0.0900,-0.1900,0.4800,-0.3697,0,0
UniVLA,LIBERO Long,Temporal fusion,temporal_fusion_motion_entropy,100,5,8,-3.0000,0.5811,11.7300,-5.8800,30.6100,0.3153,0,0
UniVLA,LIBERO Long,Temporal fusion,temporal_fusion_task_aware,100,7,6,1.0000,1.0000,1.5500,-14.3900,19.8000,1.5130,0,1
UniVLA,LIBERO Goal,Action repeat,action_repeat2,100,3,61,-58.0000,0.0000,121.4700,101.8900,140.0200,1.7135,0,1
UniVLA,LIBERO Goal,Action repeat,action_repeat4,100,0,92,-92.0000,0.0000,177.4200,164.2000,189.2100,0.1164,0,0
UniVLA,LIBERO Goal,Depth pruning,depth_pruning1,100,6,5,1.0000,1.0000,-0.8900,-11.6800,10.1500,-0.2938,0,1
UniVLA,LIBERO Goal,Depth pruning,depth_pruning2,100,7,10,-3.0000,0.6291,6.4300,-6.4400,19.2500,0.0717,0,0
UniVLA,LIBERO Goal,Depth pruning,depth_pruning4,100,6,14,-8.0000,0.1153,21.1300,5.0700,36.5300,0.6010,0,0
UniVLA,LIBERO Goal,Foveation,fixed_foveation_keep20,100,3,8,-5.0000,0.2266,7.2200,-3.9100,19.6500,0.4653,0,0
UniVLA,LIBERO Goal,Foveation,fixed_foveation_keep50,100,8,1,7.0000,0.0391,-8.2100,-19.0800,2.0600,-0.4954,0,1
UniVLA,LIBERO Goal,Guarded reuse,guarded_reuse_aggressive,100,0,0,0.0000,1.0000,-0.0200,-0.0600,0.0000,-0.1160,0,0
UniVLA,LIBERO Goal,Guarded reuse,guarded_reuse_moderate,100,1,0,1.0000,1.0000,-1.0400,-3.1800,0.0400,-0.1921,0,0
UniVLA,LIBERO Goal,Guarded reuse,guarded_reuse_strict,100,1,0,1.0000,1.0000,-1.2400,-3.7200,0.0000,-0.1379,0,1
UniVLA,LIBERO Goal,Temporal fusion,temporal_fusion_conservative_adaptive,100,0,0,0.0000,1.0000,0.0900,0.0000,0.2600,-0.0798,0,0
UniVLA,LIBERO Goal,Temporal fusion,temporal_fusion_motion_entropy,100,7,4,3.0000,0.5488,-0.5100,-11.8700,11.2600,-0.0587,0,1
UniVLA,LIBERO Goal,Temporal fusion,temporal_fusion_task_aware,100,6,5,1.0000,1.0000,0.6800,-10.4800,11.6600,0.8725,0,0
UniVLA,LIBERO Object,Action repeat,action_repeat2,100,1,76,-75.0000,0.0000,120.3000,111.0400,129.5300,0.9062,0,1
UniVLA,LIBERO Object,Action repeat,action_repeat4,100,0,95,-95.0000,0.0000,134.0800,126.5000,141.1100,-2.1429,0,0
UniVLA,LIBERO Object,Depth pruning,depth_pruning1,100,4,1,3.0000,0.3750,-2.5900,-10.8200,5.7800,-0.2728,0,1
UniVLA,LIBERO Object,Depth pruning,depth_pruning2,100,4,6,-2.0000,0.7539,0.1300,-9.8800,10.9000,-0.3014,0,0
UniVLA,LIBERO Object,Depth pruning,depth_pruning4,100,4,8,-4.0000,0.3877,7.6500,-2.9100,18.4900,-0.2148,0,0
UniVLA,LIBERO Object,Foveation,fixed_foveation_keep20,100,4,0,4.0000,0.1250,-9.7800,-17.4800,-2.3400,-0.5328,0,1
UniVLA,LIBERO Object,Foveation,fixed_foveation_keep50,100,3,2,1.0000,1.0000,-5.8500,-13.6400,1.9400,-0.3155,0,0
UniVLA,LIBERO Object,Guarded reuse,guarded_reuse_aggressive,100,0,0,0.0000,1.0000,0.0000,0.0000,0.0000,-0.0215,0,0
UniVLA,LIBERO Object,Guarded reuse,guarded_reuse_moderate,100,0,0,0.0000,1.0000,0.0000,0.0000,0.0000,0.0585,0,0
UniVLA,LIBERO Object,Guarded reuse,guarded_reuse_strict,100,0,0,0.0000,1.0000,0.0000,0.0000,0.0000,0.0440,0,1
UniVLA,LIBERO Object,Temporal fusion,temporal_fusion_conservative_adaptive,100,0,0,0.0000,1.0000,0.0000,0.0000,0.0000,-0.1514,0,0
UniVLA,LIBERO Object,Temporal fusion,temporal_fusion_motion_entropy,100,3,1,2.0000,0.6250,-3.2600,-10.3600,3.7800,-0.3500,0,1
UniVLA,LIBERO Object,Temporal fusion,temporal_fusion_task_aware,100,3,2,1.0000,1.0000,-2.7900,-8.8100,2.7400,0.5736,0,0
UniVLA,LIBERO Spatial,Action repeat,action_repeat2,100,0,68,-68.0000,0.0000,100.3200,92.7600,107.5300,1.8573,0,1
UniVLA,LIBERO Spatial,Action repeat,action_repeat4,100,0,95,-95.0000,0.0000,111.6900,105.3300,117.3800,-0.5440,0,0
UniVLA,LIBERO Spatial,Depth pruning,depth_pruning1,100,5,4,1.0000,1.0000,-0.4800,-8.4400,7.1300,-0.1058,0,1
UniVLA,LIBERO Spatial,Depth pruning,depth_pruning2,100,5,6,-1.0000,1.0000,3.1500,-5.6500,11.6900,-0.0069,0,0
UniVLA,LIBERO Spatial,Depth pruning,depth_pruning4,100,4,5,-1.0000,1.0000,0.8600,-6.9600,8.3900,-0.4793,0,0
UniVLA,LIBERO Spatial,Foveation,fixed_foveation_keep20,100,1,5,-4.0000,0.2188,6.1100,-0.2500,12.8400,0.7047,0,0
UniVLA,LIBERO Spatial,Foveation,fixed_foveation_keep50,100,5,4,1.0000,1.0000,0.6200,-6.6400,8.2900,0.2221,0,1
UniVLA,LIBERO Spatial,Guarded reuse,guarded_reuse_aggressive,100,0,0,0.0000,1.0000,0.0000,0.0000,0.0000,0.0345,0,0
UniVLA,LIBERO Spatial,Guarded reuse,guarded_reuse_moderate,100,0,0,0.0000,1.0000,0.0000,0.0000,0.0000,0.0817,0,0
UniVLA,LIBERO Spatial,Guarded reuse,guarded_reuse_strict,100,0,0,0.0000,1.0000,0.0000,0.0000,0.0000,0.1103,0,1
UniVLA,LIBERO Spatial,Temporal fusion,temporal_fusion_conservative_adaptive,100,0,0,0.0000,1.0000,0.0000,0.0000,0.0000,-0.0089,0,1
UniVLA,LIBERO Spatial,Temporal fusion,temporal_fusion_motion_entropy,100,1,5,-4.0000,0.2188,5.3500,0.6900,11.0300,0.4824,0,0
UniVLA,LIBERO Spatial,Temporal fusion,temporal_fusion_task_aware,100,1,4,-3.0000,0.3750,4.4900,-0.3100,10.2300,1.3004,0,0
OpenVLA,LIBERO Long,Action repeat,action_repeat2,100,10,20,-10.0000,0.0987,10.6800,-14.6700,36.6600,-30.1108,0,1
OpenVLA,LIBERO Long,Action repeat,action_repeat4,100,11,35,-24.0000,0.0005,64.3500,36.1400,93.8600,-43.3038,0,0
OpenVLA,LIBERO Long,Depth pruning,depth_pruning1,100,16,19,-3.0000,0.7359,1.8300,-25.0000,28.0800,-0.9493,0,1
OpenVLA,LIBERO Long,Depth pruning,depth_pruning2,100,10,21,-11.0000,0.0708,9.4900,-15.1700,33.2100,-1.2273,0,0
OpenVLA,LIBERO Long,Depth pruning,depth_pruning4,100,9,39,-30.0000,0.0000,69.9900,40.1100,99.8900,3.9329,0,0
OpenVLA,LIBERO Long,Foveation,fixed_foveation_keep20,100,7,33,-26.0000,0.0000,50.0200,23.0400,76.6500,11.5377,0,0
OpenVLA,LIBERO Long,Foveation,fixed_foveation_keep50,100,8,20,-12.0000,0.0357,13.5200,-11.7800,39.9100,5.1952,0,1
OpenVLA,LIBERO Long,Guarded reuse,guarded_reuse_aggressive,100,12,18,-6.0000,0.3616,2.4900,-22.7200,27.4900,-5.6710,0,0
OpenVLA,LIBERO Long,Guarded reuse,guarded_reuse_moderate,100,9,14,-5.0000,0.4049,-0.1700,-21.9200,22.2100,-3.1193,0,1
OpenVLA,LIBERO Long,Guarded reuse,guarded_reuse_strict,100,8,13,-5.0000,0.3833,1.0800,-18.6300,20.9000,-1.6918,0,0
OpenVLA,LIBERO Long,Temporal fusion,temporal_fusion_motion_entropy,100,9,16,-7.0000,0.2295,13.5500,-11.2000,39.2900,2.8771,0,1
OpenVLA,LIBERO Long,Temporal fusion,temporal_fusion_task_aware,100,10,18,-8.0000,0.1849,12.5400,-13.0300,37.0700,7.9238,0,0
OpenVLA,LIBERO Goal,Action repeat,action_repeat2,100,10,17,-7.0000,0.2478,17.5700,0.3100,35.2100,-10.8883,0,1
OpenVLA,LIBERO Goal,Action repeat,action_repeat4,100,6,21,-15.0000,0.0059,35.1500,18.1600,50.5500,-17.0313,0,0
OpenVLA,LIBERO Goal,Depth pruning,depth_pruning1,100,12,15,-3.0000,0.7011,7.8400,-9.8200,24.6000,0.4545,0,1
OpenVLA,LIBERO Goal,Depth pruning,depth_pruning2,100,6,22,-16.0000,0.0037,27.4800,9.8500,45.0000,3.1627,0,0
OpenVLA,LIBERO Goal,Depth pruning,depth_pruning4,100,4,38,-34.0000,0.0000,60.8000,41.8300,80.0400,6.8628,0,0
OpenVLA,LIBERO Goal,Foveation,fixed_foveation_keep20,100,13,24,-11.0000,0.0989,23.3300,3.6900,42.4800,4.7530,0,0
OpenVLA,LIBERO Goal,Foveation,fixed_foveation_keep50,100,10,10,0.0000,1.0000,-0.3000,-15.3900,13.9800,0.7686,0,1
OpenVLA,LIBERO Goal,Guarded reuse,guarded_reuse_aggressive,100,8,11,-3.0000,0.6476,6.2900,-6.7900,21.1800,-1.8851,0,1
OpenVLA,LIBERO Goal,Guarded reuse,guarded_reuse_moderate,100,4,10,-6.0000,0.1796,7.6500,-4.2300,19.7400,-0.0730,0,0
OpenVLA,LIBERO Goal,Guarded reuse,guarded_reuse_strict,100,2,6,-4.0000,0.2891,7.1600,-0.6800,15.7200,-0.0753,0,0
OpenVLA,LIBERO Goal,Temporal fusion,temporal_fusion_conservative_adaptive,100,5,3,2.0000,0.7266,1.0700,-7.9200,10.7800,0.2081,0,1
OpenVLA,LIBERO Goal,Temporal fusion,temporal_fusion_motion_entropy,100,7,8,-1.0000,1.0000,1.9800,-10.7100,15.3100,0.5096,0,0
OpenVLA,LIBERO Goal,Temporal fusion,temporal_fusion_task_aware,100,10,12,-2.0000,0.8318,4.3700,-11.1200,20.9600,2.7506,0,0
OpenVLA,LIBERO Object,Action repeat,action_repeat2,100,10,13,-3.0000,0.6776,8.0700,-4.2500,20.2900,-12.5326,0,1
OpenVLA,LIBERO Object,Action repeat,action_repeat4,100,6,34,-28.0000,0.0000,46.1200,30.8500,61.6100,-17.3228,0,0
OpenVLA,LIBERO Object,Depth pruning,depth_pruning1,100,10,12,-2.0000,0.8318,4.1400,-9.4000,18.5900,-0.2137,0,1
OpenVLA,LIBERO Object,Depth pruning,depth_pruning2,100,8,16,-8.0000,0.1516,14.3200,1.7400,27.1900,0.7557,0,0
OpenVLA,LIBERO Object,Depth pruning,depth_pruning4,100,7,29,-22.0000,0.0003,37.1000,22.1200,51.8200,2.8514,0,0
OpenVLA,LIBERO Object,Foveation,fixed_foveation_keep20,100,8,21,-13.0000,0.0241,14.2300,-0.9700,28.6100,3.5701,0,0
OpenVLA,LIBERO Object,Foveation,fixed_foveation_keep50,100,10,11,-1.0000,1.0000,0.2900,-13.8200,14.5900,1.0904,0,1
OpenVLA,LIBERO Object,Guarded reuse,guarded_reuse_aggressive,100,6,8,-2.0000,0.7905,1.2100,-9.5800,12.7800,-2.3442,0,0
OpenVLA,LIBERO Object,Guarded reuse,guarded_reuse_moderate,100,4,11,-7.0000,0.1185,5.3400,-5.2000,17.0400,-0.7501,0,0
OpenVLA,LIBERO Object,Guarded reuse,guarded_reuse_strict,100,4,6,-2.0000,0.7539,-0.4800,-10.1100,9.5300,-0.8368,0,1
OpenVLA,LIBERO Object,Temporal fusion,temporal_fusion_conservative_adaptive,100,2,7,-5.0000,0.1797,5.8700,-0.6000,12.9600,1.1037,0,0
OpenVLA,LIBERO Object,Temporal fusion,temporal_fusion_motion_entropy,100,7,11,-4.0000,0.4807,1.1200,-10.4400,12.4400,-0.0615,0,0
OpenVLA,LIBERO Object,Temporal fusion,temporal_fusion_task_aware,100,9,10,-1.0000,1.0000,0.0200,-11.6900,11.8700,1.9585,0,1
OpenVLA,LIBERO Spatial,Action repeat,action_repeat2,100,8,14,-6.0000,0.2863,8.1400,-1.2100,17.7300,-9.8665,0,1
OpenVLA,LIBERO Spatial,Action repeat,action_repeat4,100,7,38,-31.0000,0.0000,42.3300,30.8700,54.5400,-13.4301,0,0
OpenVLA,LIBERO Spatial,Depth pruning,depth_pruning1,100,10,26,-16.0000,0.0113,16.0700,3.2500,27.7500,2.0190,0,1
OpenVLA,LIBERO Spatial,Depth pruning,depth_pruning2,100,9,31,-22.0000,0.0007,24.4900,11.5800,36.8400,3.0129,0,0
OpenVLA,LIBERO Spatial,Depth pruning,depth_pruning4,100,7,37,-30.0000,0.0000,38.1200,25.5600,50.3200,3.4200,0,0
OpenVLA,LIBERO Spatial,Foveation,fixed_foveation_keep20,100,9,32,-23.0000,0.0004,26.7500,13.4300,39.9200,5.7439,0,0
OpenVLA,LIBERO Spatial,Foveation,fixed_foveation_keep50,100,14,9,5.0000,0.4049,-4.5100,-14.2800,5.7200,-0.0289,0,1
OpenVLA,LIBERO Spatial,Guarded reuse,guarded_reuse_aggressive,100,10,11,-1.0000,1.0000,3.7100,-5.8600,12.9400,-1.2603,0,0
OpenVLA,LIBERO Spatial,Guarded reuse,guarded_reuse_moderate,100,6,8,-2.0000,0.7905,1.9300,-5.4400,9.2600,-0.4625,0,0
OpenVLA,LIBERO Spatial,Guarded reuse,guarded_reuse_strict,100,5,1,4.0000,0.2188,-4.3200,-9.6600,0.3500,-1.2352,0,1
OpenVLA,LIBERO Spatial,Temporal fusion,temporal_fusion_conservative_adaptive,100,5,4,1.0000,1.0000,-0.5200,-7.0200,5.4200,-0.0721,0,0
OpenVLA,LIBERO Spatial,Temporal fusion,temporal_fusion_motion_entropy,100,12,5,7.0000,0.1435,-8.1900,-16.8600,0.5900,-1.5034,0,1
OpenVLA,LIBERO Spatial,Temporal fusion,temporal_fusion_task_aware,100,12,13,-1.0000,1.0000,3.7500,-7.0600,14.2500,2.3727,0,0
SmolVLA,LIBERO Long,Action repeat,action_repeat2,100,9,20,-11.0000,0.0614,15.1000,-9.5800,40.2700,-56.5326,0,1
SmolVLA,LIBERO Long,Action repeat,action_repeat4,100,5,27,-22.0000,0.0001,41.8700,16.4500,67.0900,-86.1151,0,0
SmolVLA,LIBERO Long,Depth pruning,depth_pruning1,100,1,34,-33.0000,0.0000,71.7200,47.7600,96.0100,21.8131,0,1
SmolVLA,LIBERO Long,Depth pruning,depth_pruning2,100,1,40,-39.0000,0.0000,86.7300,63.0000,111.5400,24.0559,0,0
SmolVLA,LIBERO Long,Depth pruning,depth_pruning4,100,0,42,-42.0000,0.0000,91.6500,68.2300,116.5100,10.6512,0,0
SmolVLA,LIBERO Long,Foveation,fixed_foveation_keep20,100,3,26,-23.0000,0.0000,53.1400,30.8200,75.5700,23.1396,0,0
SmolVLA,LIBERO Long,Foveation,fixed_foveation_keep50,100,6,27,-21.0000,0.0003,49.4900,26.4600,74.9700,22.4514,0,1
SmolVLA,LIBERO Long,Guarded reuse,guarded_reuse_aggressive,100,16,11,5.0000,0.4421,-9.0100,-33.1700,15.5700,-3.6881,0,1
SmolVLA,LIBERO Long,Guarded reuse,guarded_reuse_moderate,100,11,16,-5.0000,0.4421,9.4900,-15.7500,34.8000,-7.2452,0,0
SmolVLA,LIBERO Long,Guarded reuse,guarded_reuse_strict,100,13,15,-2.0000,0.8506,-1.9000,-28.3600,24.5700,-2.1495,0,0
SmolVLA,LIBERO Long,Temporal fusion,temporal_fusion_conservative_adaptive,100,14,12,2.0000,0.8450,-13.4200,-39.7000,13.4000,-10.9073,0,1
SmolVLA,LIBERO Long,Temporal fusion,temporal_fusion_motion_entropy,100,13,11,2.0000,0.8388,-12.9000,-38.1600,12.1400,-8.3521,0,0
SmolVLA,LIBERO Long,Temporal fusion,temporal_fusion_task_aware,100,13,14,-1.0000,1.0000,-5.5700,-30.6800,18.8700,-9.1419,0,0
SmolVLA,LIBERO Goal,Action repeat,action_repeat2,100,7,15,-8.0000,0.1338,16.5600,1.5300,32.2600,-18.3372,0,1
SmolVLA,LIBERO Goal,Action repeat,action_repeat4,100,6,27,-21.0000,0.0003,49.6600,31.7500,66.3000,-27.1697,0,0
SmolVLA,LIBERO Goal,Depth pruning,depth_pruning1,100,6,24,-18.0000,0.0014,39.3700,22.4300,56.1400,11.2381,0,1
SmolVLA,LIBERO Goal,Depth pruning,depth_pruning2,100,5,32,-27.0000,0.0000,62.7700,44.6400,80.8000,16.6437,0,0
SmolVLA,LIBERO Goal,Depth pruning,depth_pruning4,100,2,54,-52.0000,0.0000,113.3300,95.9800,129.9900,24.9392,0,0
SmolVLA,LIBERO Goal,Foveation,fixed_foveation_keep20,100,7,29,-22.0000,0.0003,39.0600,18.7700,57.2600,13.8588,0,0
SmolVLA,LIBERO Goal,Foveation,fixed_foveation_keep50,100,6,19,-13.0000,0.0146,20.8500,2.8200,38.9400,7.5856,0,1
SmolVLA,LIBERO Goal,Guarded reuse,guarded_reuse_aggressive,100,12,15,-3.0000,0.7011,4.1200,-14.4200,21.9200,-4.8884,0,1
SmolVLA,LIBERO Goal,Guarded reuse,guarded_reuse_moderate,100,12,17,-5.0000,0.4583,7.7000,-11.5800,26.0600,-0.7843,0,0
SmolVLA,LIBERO Goal,Guarded reuse,guarded_reuse_strict,100,12,16,-4.0000,0.5716,5.9800,-11.9300,24.3200,-0.7731,0,0
SmolVLA,LIBERO Goal,Temporal fusion,temporal_fusion_conservative_adaptive,100,13,16,-3.0000,0.7111,3.6800,-14.9700,21.6400,-0.8767,0,0
SmolVLA,LIBERO Goal,Temporal fusion,temporal_fusion_motion_entropy,100,12,15,-3.0000,0.7011,2.9500,-15.1800,20.1500,-1.5527,0,1
SmolVLA,LIBERO Goal,Temporal fusion,temporal_fusion_task_aware,100,11,17,-6.0000,0.3449,11.1600,-7.1500,29.0600,-0.4035,0,0
SmolVLA,LIBERO Object,Action repeat,action_repeat2,100,5,9,-4.0000,0.4240,6.7700,-3.3200,17.0700,-21.8074,0,1
SmolVLA,LIBERO Object,Action repeat,action_repeat4,100,1,24,-23.0000,0.0000,39.7700,27.6900,52.5300,-30.6207,0,0
SmolVLA,LIBERO Object,Depth pruning,depth_pruning1,100,4,25,-21.0000,0.0001,31.1000,18.6000,43.3600,9.8084,0,1
SmolVLA,LIBERO Object,Depth pruning,depth_pruning2,100,2,56,-54.0000,0.0000,71.5900,58.1000,84.6900,20.6694,0,0
SmolVLA,LIBERO Object,Depth pruning,depth_pruning4,100,0,81,-81.0000,0.0000,103.8000,94.1000,113.6100,17.2658,0,0
SmolVLA,LIBERO Object,Foveation,fixed_foveation_keep20,100,5,25,-20.0000,0.0003,27.0300,14.4900,40.7100,10.9375,0,0
SmolVLA,LIBERO Object,Foveation,fixed_foveation_keep50,100,2,15,-13.0000,0.0023,14.1400,3.0500,25.1800,7.3347,0,1
SmolVLA,LIBERO Object,Guarded reuse,guarded_reuse_aggressive,100,5,8,-3.0000,0.5811,0.1600,-10.3900,11.1200,-3.0822,0,1
SmolVLA,LIBERO Object,Guarded reuse,guarded_reuse_moderate,100,4,9,-5.0000,0.2668,2.0200,-8.1400,12.9200,-3.0330,0,0
SmolVLA,LIBERO Object,Guarded reuse,guarded_reuse_strict,100,4,8,-4.0000,0.3877,1.8100,-8.3000,12.1300,-1.2543,0,0
SmolVLA,LIBERO Object,Temporal fusion,temporal_fusion_conservative_adaptive,100,4,12,-8.0000,0.0768,6.6900,-4.3000,18.0700,3.3455,0,0
SmolVLA,LIBERO Object,Temporal fusion,temporal_fusion_motion_entropy,100,5,9,-4.0000,0.4240,1.0700,-9.8600,12.3500,4.0723,0,0
SmolVLA,LIBERO Object,Temporal fusion,temporal_fusion_task_aware,100,5,9,-4.0000,0.4240,0.2600,-10.0700,10.7400,-1.9425,0,1
SmolVLA,LIBERO Spatial,Action repeat,action_repeat2,100,13,25,-12.0000,0.0730,15.2600,1.1900,28.4100,-15.4807,0,1
SmolVLA,LIBERO Spatial,Action repeat,action_repeat4,100,7,48,-41.0000,0.0000,56.8100,43.4700,70.2500,-22.2769,0,0
SmolVLA,LIBERO Spatial,Depth pruning,depth_pruning1,100,12,26,-14.0000,0.0336,18.5200,5.1000,31.6800,5.9893,0,1
SmolVLA,LIBERO Spatial,Depth pruning,depth_pruning2,100,10,48,-38.0000,0.0000,44.8400,29.8700,58.8000,14.2548,0,0
SmolVLA,LIBERO Spatial,Depth pruning,depth_pruning4,100,6,53,-47.0000,0.0000,55.6300,41.8600,68.6500,16.7533,0,0
SmolVLA,LIBERO Spatial,Foveation,fixed_foveation_keep20,100,13,26,-13.0000,0.0533,16.3900,2.8700,29.4600,7.1165,0,0
SmolVLA,LIBERO Spatial,Foveation,fixed_foveation_keep50,100,12,12,0.0000,1.0000,3.0000,-8.2200,14.0800,3.8041,0,1
SmolVLA,LIBERO Spatial,Guarded reuse,guarded_reuse_aggressive,100,12,10,2.0000,0.8318,-2.2800,-13.1300,8.2200,0.0017,0,0
SmolVLA,LIBERO Spatial,Guarded reuse,guarded_reuse_moderate,100,13,10,3.0000,0.6776,-3.3300,-14.0900,7.2400,0.1408,0,0
SmolVLA,LIBERO Spatial,Guarded reuse,guarded_reuse_strict,100,12,9,3.0000,0.6636,-3.7200,-14.2400,6.6600,0.2567,0,1
SmolVLA,LIBERO Spatial,Temporal fusion,temporal_fusion_conservative_adaptive,100,13,7,6.0000,0.2632,-7.2100,-17.3700,2.5200,-0.8329,0,1
SmolVLA,LIBERO Spatial,Temporal fusion,temporal_fusion_motion_entropy,100,14,10,4.0000,0.5413,-3.7500,-15.2300,7.2700,-1.4025,0,0
SmolVLA,LIBERO Spatial,Temporal fusion,temporal_fusion_task_aware,100,13,9,4.0000,0.5235,-4.2000,-14.7100,6.1100,-3.3523,0,0
