backbone,env,family,configuration,n,win,loss,delta_pts,p_mcnemar,dsteps,dsteps_lo,dsteps_hi,dtime_s,unpaired
CogACT,WidowX,Foveation,fixed_foveation_keep20,200,31,26,2.5000,0.5966,-4.2750,-8.2250,-0.7050,0.2480,0
CogACT,WidowX,Action repeat,action_repeat2,200,6,82,-38.0000,0.0000,19.7600,15.2800,24.2050,-0.6972,0
CogACT,WidowX,Depth pruning,depth_pruning2,200,34,15,9.5000,0.0094,-3.7100,-6.8000,-0.6700,-0.7171,0
CogACT,WidowX,Guarded reuse,guarded_reuse_aggressive,200,18,12,3.0000,0.3616,-1.0750,-3.6950,1.4050,-0.2893,0
CogACT,WidowX,Temporal fusion,temporal_fusion_motion_entropy,200,29,13,8.0000,0.0195,-3.4350,-6.3000,-0.9650,-0.4647,0
CronusVLA,WidowX,Foveation,fixed_foveation_keep20,200,16,11,2.5000,0.4421,-1.6350,-3.4600,0.0450,0.7761,0
CronusVLA,WidowX,Action repeat,action_repeat2,200,2,63,-30.5000,0.0000,22.8400,17.8950,28.3550,-0.1446,0
CronusVLA,WidowX,Depth pruning,depth_pruning1,200,13,10,1.5000,0.6776,-0.5300,-2.1550,0.8800,-0.2515,0
CronusVLA,WidowX,Guarded reuse,guarded_reuse_strict,200,9,5,2.0000,0.4240,-0.8200,-2.2800,0.3600,-0.1218,0
CronusVLA,WidowX,Temporal fusion,temporal_fusion_motion_entropy,200,9,10,-0.5000,1.0000,0.6500,-0.9800,2.3250,0.1372,0
MiniVLA,WidowX,Foveation,fixed_foveation_keep50,200,28,30,-1.0000,0.8957,-0.9300,-4.4750,2.2600,0.2968,0
MiniVLA,WidowX,Action repeat,action_repeat2,200,15,27,-6.0000,0.0884,3.1000,0.2350,5.8250,-2.9060,0
MiniVLA,WidowX,Depth pruning,depth_pruning1,200,16,51,-17.5000,0.0000,3.5950,-0.2400,7.1600,0.3005,0
MiniVLA,WidowX,Guarded reuse,guarded_reuse_strict,200,11,6,2.5000,0.3323,-1.1900,-3.7400,0.9750,-0.4244,0
MiniVLA,WidowX,Temporal fusion,temporal_fusion_motion_entropy,200,20,14,3.0000,0.3915,-2.6750,-5.3150,-0.2500,-0.3747,0
OpenVLA,WidowX,Foveation,fixed_foveation_keep50,200,32,59,-13.5000,0.0061,11.6050,6.2800,16.8700,2.9047,0
OpenVLA,WidowX,Action repeat,action_repeat2,200,23,54,-15.5000,0.0005,9.5850,4.6700,14.5900,-2.8217,0
OpenVLA,WidowX,Depth pruning,depth_pruning2,200,34,26,4.0000,0.3663,0.3400,-3.7950,4.5150,-0.4802,0
OpenVLA,WidowX,Guarded reuse,guarded_reuse_strict,200,12,8,2.0000,0.5034,-1.2250,-4.0500,1.4050,-0.6311,0
OpenVLA,WidowX,Temporal fusion,temporal_fusion_task_aware,200,41,27,7.0000,0.1143,-0.3800,-4.2000,3.5950,0.5333,0
SpatialVLA,WidowX,Foveation,fixed_foveation_keep20,200,21,11,5.0000,0.1102,0.4200,-1.1500,1.9450,1.1933,0
SpatialVLA,WidowX,Action repeat,action_repeat2,200,17,25,-4.0000,0.2800,4.2300,2.0550,6.5850,-7.5148,0
SpatialVLA,WidowX,Depth pruning,depth_pruning1,200,8,21,-6.5000,0.0241,4.5600,2.3300,7.0800,1.1824,0
SpatialVLA,WidowX,Guarded reuse,guarded_reuse_aggressive,200,2,1,0.5000,1.0000,-0.0200,-0.1000,0.0550,-0.0504,0
SpatialVLA,WidowX,Temporal fusion,temporal_fusion_motion_entropy,200,15,13,1.0000,0.8506,0.1900,-1.2650,1.7200,0.2834,0
UniVLA,WidowX,Foveation,fixed_foveation_keep20,200,11,28,-8.5000,0.0095,4.3550,1.7750,6.8900,0.8654,0
UniVLA,WidowX,Action repeat,action_repeat2,200,2,152,-75.0000,0.0000,41.7200,37.3450,46.0800,2.3947,0
UniVLA,WidowX,Depth pruning,depth_pruning2,200,8,19,-5.5000,0.0522,1.4250,-0.7300,3.4150,0.0091,0
UniVLA,WidowX,Guarded reuse,guarded_reuse_moderate,200,0,0,0.0000,1.0000,-0.1450,-0.4350,0.0350,-0.0672,0
UniVLA,WidowX,Temporal fusion,temporal_fusion_conservative_adaptive,200,0,0,0.0000,1.0000,0.0000,0.0000,0.0000,0.0215,0
CogACT,Fractal,Foveation,fixed_foveation_keep50,250,12,11,0.4000,1.0000,-0.4360,-2.3760,1.6040,1.0589,0
CogACT,Fractal,Action repeat,action_repeat2,250,16,19,-1.2000,0.7359,1.8920,-0.8800,4.6240,-1.8931,0
CogACT,Fractal,Depth pruning,depth_pruning4,250,9,9,0.0000,1.0000,-0.8560,-2.6840,1.0080,-0.3649,0
CogACT,Fractal,Guarded reuse,guarded_reuse_moderate,250,5,4,0.4000,1.0000,-0.3480,-1.6640,0.9920,-0.0167,0
CogACT,Fractal,Temporal fusion,temporal_fusion_conservative_adaptive,250,1,4,-1.2000,0.3750,-0.2320,-1.1400,0.5720,0.0627,0
CronusVLA,Fractal,Foveation,fixed_foveation_keep50,250,12,9,1.2000,0.6636,-1.2400,-3.2000,0.5960,1.0536,0
CronusVLA,Fractal,Action repeat,action_repeat2,250,15,8,2.8000,0.2100,6.0920,3.7920,8.6560,-1.5103,0
CronusVLA,Fractal,Depth pruning,depth_pruning1,250,9,7,0.8000,0.8036,-1.1680,-2.8920,0.4840,-0.2969,0
CronusVLA,Fractal,Guarded reuse,guarded_reuse_aggressive,250,9,6,1.2000,0.6072,-0.6040,-2.2080,0.9480,-0.3358,0
CronusVLA,Fractal,Temporal fusion,temporal_fusion_motion_entropy,250,9,5,1.6000,0.4240,-0.8000,-2.2920,0.6200,-0.0348,0
OpenVLA,Fractal,Foveation,fixed_foveation_keep50,250,22,50,-11.2000,0.0013,3.9240,0.5320,7.1400,1.6057,0
OpenVLA,Fractal,Action repeat,action_repeat2,250,38,27,4.4000,0.2145,-1.4000,-4.1760,1.5120,-5.4106,0
OpenVLA,Fractal,Depth pruning,depth_pruning2,250,37,24,5.2000,0.1237,-2.4560,-5.3240,0.2760,-1.1470,0
OpenVLA,Fractal,Guarded reuse,guarded_reuse_moderate,250,2,0,0.8000,0.5000,-0.1160,-0.4000,0.0920,-0.2244,0
OpenVLA,Fractal,Temporal fusion,temporal_fusion_task_aware,250,29,12,6.8000,0.0115,-2.8760,-5.2400,-0.5800,0.1888,0
SpatialVLA,Fractal,Foveation,fixed_foveation_keep50,250,16,21,-2.0000,0.5114,-0.4280,-2.8440,1.9440,1.2050,0
SpatialVLA,Fractal,Action repeat,action_repeat2,250,33,33,0.0000,1.0000,0.8280,-2.3200,3.9240,-9.0547,0
SpatialVLA,Fractal,Depth pruning,depth_pruning2,250,17,23,-2.4000,0.4296,1.1640,-1.5760,3.9600,-0.6707,0
SpatialVLA,Fractal,Guarded reuse,guarded_reuse_moderate,250,2,0,0.8000,0.5000,-0.1400,-0.6600,0.2120,-0.2143,0
SpatialVLA,Fractal,Temporal fusion,temporal_fusion_task_aware,250,12,10,0.8000,0.8318,-1.8680,-3.8560,0.1440,-0.6747,0
UniVLA,LIBERO Long,Foveation,fixed_foveation_keep50,100,8,4,4.0000,0.3877,-11.4800,-29.1200,5.8000,-0.4894,0
UniVLA,LIBERO Long,Action repeat,action_repeat2,100,2,61,-59.0000,0.0000,185.1400,161.2700,208.5200,-0.0662,0
UniVLA,LIBERO Long,Depth pruning,depth_pruning2,100,10,7,3.0000,0.6291,2.2500,-18.4000,23.7100,-0.6138,0
UniVLA,LIBERO Long,Guarded reuse,guarded_reuse_aggressive,100,0,0,0.0000,1.0000,0.8700,0.1200,1.8100,-0.4071,0
UniVLA,LIBERO Long,Temporal fusion,temporal_fusion_task_aware,100,7,6,1.0000,1.0000,1.5500,-14.3900,19.8000,1.5130,0
UniVLA,LIBERO Goal,Foveation,fixed_foveation_keep50,100,8,1,7.0000,0.0391,-8.2100,-19.0800,2.0600,-0.4954,0
UniVLA,LIBERO Goal,Action repeat,action_repeat2,100,3,61,-58.0000,0.0000,121.4700,101.8900,140.0200,1.7135,0
UniVLA,LIBERO Goal,Depth pruning,depth_pruning1,100,6,5,1.0000,1.0000,-0.8900,-11.6800,10.1500,-0.2938,0
UniVLA,LIBERO Goal,Guarded reuse,guarded_reuse_moderate,100,1,0,1.0000,1.0000,-1.0400,-3.1800,0.0400,-0.1921,0
UniVLA,LIBERO Goal,Temporal fusion,temporal_fusion_motion_entropy,100,7,4,3.0000,0.5488,-0.5100,-11.8700,11.2600,-0.0587,0
UniVLA,LIBERO Object,Foveation,fixed_foveation_keep20,100,4,0,4.0000,0.1250,-9.7800,-17.4800,-2.3400,-0.5328,0
UniVLA,LIBERO Object,Action repeat,action_repeat2,100,1,76,-75.0000,0.0000,120.3000,111.0400,129.5300,0.9062,0
UniVLA,LIBERO Object,Depth pruning,depth_pruning1,100,4,1,3.0000,0.3750,-2.5900,-10.8200,5.7800,-0.2728,0
UniVLA,LIBERO Object,Guarded reuse,guarded_reuse_aggressive,100,0,0,0.0000,1.0000,0.0000,0.0000,0.0000,-0.0215,0
UniVLA,LIBERO Object,Temporal fusion,temporal_fusion_motion_entropy,100,3,1,2.0000,0.6250,-3.2600,-10.3600,3.7800,-0.3500,0
UniVLA,LIBERO Spatial,Foveation,fixed_foveation_keep50,100,5,4,1.0000,1.0000,0.6200,-6.6400,8.2900,0.2221,0
UniVLA,LIBERO Spatial,Action repeat,action_repeat2,100,0,68,-68.0000,0.0000,100.3200,92.7600,107.5300,1.8573,0
UniVLA,LIBERO Spatial,Depth pruning,depth_pruning1,100,5,4,1.0000,1.0000,-0.4800,-8.4400,7.1300,-0.1058,0
UniVLA,LIBERO Spatial,Guarded reuse,guarded_reuse_aggressive,100,0,0,0.0000,1.0000,0.0000,0.0000,0.0000,0.0345,0
UniVLA,LIBERO Spatial,Temporal fusion,temporal_fusion_conservative_adaptive,100,0,0,0.0000,1.0000,0.0000,0.0000,0.0000,-0.0089,0
OpenVLA,LIBERO Long,Foveation,fixed_foveation_keep50,100,8,20,-12.0000,0.0357,13.5200,-11.7800,39.9100,5.1952,0
OpenVLA,LIBERO Long,Action repeat,action_repeat2,100,10,20,-10.0000,0.0987,10.6800,-14.6700,36.6600,-30.1108,0
OpenVLA,LIBERO Long,Depth pruning,depth_pruning1,100,16,19,-3.0000,0.7359,1.8300,-25.0000,28.0800,-0.9493,0
OpenVLA,LIBERO Long,Guarded reuse,guarded_reuse_strict,100,8,13,-5.0000,0.3833,1.0800,-18.6300,20.9000,-1.6918,0
OpenVLA,LIBERO Long,Temporal fusion,temporal_fusion_motion_entropy,100,9,16,-7.0000,0.2295,13.5500,-11.2000,39.2900,2.8771,0
OpenVLA,LIBERO Goal,Foveation,fixed_foveation_keep50,100,10,10,0.0000,1.0000,-0.3000,-15.3900,13.9800,0.7686,0
OpenVLA,LIBERO Goal,Action repeat,action_repeat2,100,10,17,-7.0000,0.2478,17.5700,0.3100,35.2100,-10.8883,0
OpenVLA,LIBERO Goal,Depth pruning,depth_pruning1,100,12,15,-3.0000,0.7011,7.8400,-9.8200,24.6000,0.4545,0
OpenVLA,LIBERO Goal,Guarded reuse,guarded_reuse_aggressive,100,8,11,-3.0000,0.6476,6.2900,-6.7900,21.1800,-1.8851,0
OpenVLA,LIBERO Goal,Temporal fusion,temporal_fusion_conservative_adaptive,100,5,3,2.0000,0.7266,1.0700,-7.9200,10.7800,0.2081,0
OpenVLA,LIBERO Object,Foveation,fixed_foveation_keep50,100,10,11,-1.0000,1.0000,0.2900,-13.8200,14.5900,1.0904,0
OpenVLA,LIBERO Object,Action repeat,action_repeat2,100,10,13,-3.0000,0.6776,8.0700,-4.2500,20.2900,-12.5326,0
OpenVLA,LIBERO Object,Depth pruning,depth_pruning1,100,10,12,-2.0000,0.8318,4.1400,-9.4000,18.5900,-0.2137,0
OpenVLA,LIBERO Object,Guarded reuse,guarded_reuse_aggressive,100,6,8,-2.0000,0.7905,1.2100,-9.5800,12.7800,-2.3442,0
OpenVLA,LIBERO Object,Temporal fusion,temporal_fusion_task_aware,100,9,10,-1.0000,1.0000,0.0200,-11.6900,11.8700,1.9585,0
OpenVLA,LIBERO Spatial,Foveation,fixed_foveation_keep50,100,14,9,5.0000,0.4049,-4.5100,-14.2800,5.7200,-0.0289,0
OpenVLA,LIBERO Spatial,Action repeat,action_repeat2,100,8,14,-6.0000,0.2863,8.1400,-1.2100,17.7300,-9.8665,0
OpenVLA,LIBERO Spatial,Depth pruning,depth_pruning1,100,10,26,-16.0000,0.0113,16.0700,3.2500,27.7500,2.0190,0
OpenVLA,LIBERO Spatial,Guarded reuse,guarded_reuse_strict,100,5,1,4.0000,0.2188,-4.3200,-9.6600,0.3500,-1.2352,0
OpenVLA,LIBERO Spatial,Temporal fusion,temporal_fusion_motion_entropy,100,12,5,7.0000,0.1435,-8.1900,-16.8600,0.5900,-1.5034,0
SmolVLA,LIBERO Long,Foveation,fixed_foveation_keep50,100,6,27,-21.0000,0.0003,49.4900,26.4600,74.9700,22.4514,0
SmolVLA,LIBERO Long,Action repeat,action_repeat2,100,9,20,-11.0000,0.0614,15.1000,-9.5800,40.2700,-56.5326,0
SmolVLA,LIBERO Long,Depth pruning,depth_pruning1,100,1,34,-33.0000,0.0000,71.7200,47.7600,96.0100,21.8131,0
SmolVLA,LIBERO Long,Guarded reuse,guarded_reuse_aggressive,100,16,11,5.0000,0.4421,-9.0100,-33.1700,15.5700,-3.6881,0
SmolVLA,LIBERO Long,Temporal fusion,temporal_fusion_motion_entropy,100,13,11,2.0000,0.8388,-12.9000,-38.1600,12.1400,-8.3521,0
SmolVLA,LIBERO Goal,Foveation,fixed_foveation_keep50,100,6,19,-13.0000,0.0146,20.8500,2.8200,38.9400,7.5856,0
SmolVLA,LIBERO Goal,Action repeat,action_repeat2,100,7,15,-8.0000,0.1338,16.5600,1.5300,32.2600,-18.3372,0
SmolVLA,LIBERO Goal,Depth pruning,depth_pruning1,100,6,24,-18.0000,0.0014,39.3700,22.4300,56.1400,11.2381,0
SmolVLA,LIBERO Goal,Guarded reuse,guarded_reuse_aggressive,100,12,15,-3.0000,0.7011,4.1200,-14.4200,21.9200,-4.8884,0
SmolVLA,LIBERO Goal,Temporal fusion,temporal_fusion_motion_entropy,100,12,15,-3.0000,0.7011,2.9500,-15.1800,20.1500,-1.5527,0
SmolVLA,LIBERO Object,Foveation,fixed_foveation_keep50,100,2,15,-13.0000,0.0023,14.1400,3.0500,25.1800,7.3347,0
SmolVLA,LIBERO Object,Action repeat,action_repeat2,100,5,9,-4.0000,0.4240,6.7700,-3.3200,17.0700,-21.8074,0
SmolVLA,LIBERO Object,Depth pruning,depth_pruning1,100,4,25,-21.0000,0.0001,31.1000,18.6000,43.3600,9.8084,0
SmolVLA,LIBERO Object,Guarded reuse,guarded_reuse_aggressive,100,5,8,-3.0000,0.5811,0.1600,-10.3900,11.1200,-3.0822,0
SmolVLA,LIBERO Object,Temporal fusion,temporal_fusion_task_aware,100,5,9,-4.0000,0.4240,0.2600,-10.0700,10.7400,-1.9425,0
SmolVLA,LIBERO Spatial,Foveation,fixed_foveation_keep50,100,12,12,0.0000,1.0000,3.0000,-8.2200,14.0800,3.8041,0
SmolVLA,LIBERO Spatial,Action repeat,action_repeat2,100,13,25,-12.0000,0.0730,15.2600,1.1900,28.4100,-15.4807,0
SmolVLA,LIBERO Spatial,Depth pruning,depth_pruning1,100,12,26,-14.0000,0.0336,18.5200,5.1000,31.6800,5.9893,0
SmolVLA,LIBERO Spatial,Guarded reuse,guarded_reuse_moderate,100,13,10,3.0000,0.6776,-3.3300,-14.0900,7.2400,0.1408,0
SmolVLA,LIBERO Spatial,Temporal fusion,temporal_fusion_conservative_adaptive,100,13,7,6.0000,0.2632,-7.2100,-17.3700,2.5200,-0.8329,0
