model,config,n,successes,success,steps,episode_s,step_ms,calls,query_ms,complete
cogact_base_simplerenv_bridge,action_repeat2,200,24,12.0,70.605,6.496346875198942,92.00972842148491,35.33,98.72788400061393,True
cogact_base_simplerenv_bridge,action_repeat4,200,9,4.5,74.27,5.015047302512394,67.52453618570613,18.575,98.57285363237094,True
cogact_base_simplerenv_bridge,depth_pruning1,200,114,57.0,47.575,6.600951918686333,138.74833249997548,47.575,97.07110291973947,True
cogact_base_simplerenv_bridge,depth_pruning2,200,119,59.5,47.135,6.476452713363397,137.4022003471602,47.135,96.0154629070499,True
cogact_base_simplerenv_bridge,depth_pruning4,200,105,52.5,49.84,6.74895335139503,135.41238666522935,49.84,93.47875705425746,True
cogact_base_simplerenv_bridge,fixed_foveation_keep20,200,105,52.5,46.57,7.44156662939,159.79314213850117,46.57,98.28288269520759,True
cogact_base_simplerenv_bridge,fixed_foveation_keep50,200,105,52.5,48.36,7.865280683070596,162.6402126358684,48.36,99.28962969196692,True
cogact_base_simplerenv_bridge,guarded_reuse_aggressive,200,106,53.0,49.77,6.904309311482939,138.72431809288605,48.415,99.02205007604937,True
cogact_base_simplerenv_bridge,guarded_reuse_moderate,200,100,50.0,51.835,7.277010890501843,140.38797898141877,51.35,99.20934517974983,True
cogact_base_simplerenv_bridge,guarded_reuse_strict,200,103,51.5,50.33,7.106312137829664,141.19435998072052,50.17,99.435410358516,True
cogact_base_simplerenv_bridge,original,200,100,50.0,50.845,7.193566584102518,141.4803143692107,50.845,98.88403187934631,True
cogact_base_simplerenv_bridge,temporal_fusion_conservative_adaptive,200,104,52.0,48.93,6.920290105268359,141.43245667828242,48.93,98.15133126933192,True
cogact_base_simplerenv_bridge,temporal_fusion_motion_entropy,200,116,58.0,47.41,6.728912787505542,141.93024230131917,47.41,98.81859696115012,True
cogact_base_simplerenv_bridge,temporal_fusion_task_aware,200,116,58.0,47.41,6.737596417388122,142.11340260257586,47.41,98.41454432972104,True
cogact_base_simplerenv_fractal,action_repeat2,250,164,65.6,46.668,5.673646020904183,121.57465545779085,23.5,102.44031897502298,True
cogact_base_simplerenv_fractal,action_repeat4,250,120,48.0,58.108,5.668207625150215,97.54608014645514,14.72,104.03582634250557,True
cogact_base_simplerenv_fractal,depth_pruning1,250,163,65.2,44.18,7.515018405562267,170.10000917977064,44.18,100.57034891141109,True
cogact_base_simplerenv_fractal,depth_pruning2,250,164,65.6,43.932,7.397034354886971,168.37463249765483,43.932,98.79850916581255,True
cogact_base_simplerenv_fractal,depth_pruning4,250,167,66.8,43.92,7.201923736040015,163.9782271411661,43.92,94.73973000203709,True
cogact_base_simplerenv_fractal,fixed_foveation_keep20,250,162,64.8,45.32,8.601673666345887,189.79862458839114,45.32,100.1688214351336,True
cogact_base_simplerenv_fractal,fixed_foveation_keep50,250,168,67.2,44.34,8.625708239588887,194.53559403673628,44.34,102.01983255534577,True
cogact_base_simplerenv_fractal,guarded_reuse_aggressive,250,167,66.8,43.632,7.691997437220998,176.29257052670053,43.384,106.80672502689015,True
cogact_base_simplerenv_fractal,guarded_reuse_moderate,250,168,67.2,44.428,7.550109716871753,169.94034655784085,44.38,100.82156592214068,True
cogact_base_simplerenv_fractal,guarded_reuse_strict,250,167,66.8,44.704,7.541173076610081,168.69123739732643,44.7,99.52182004478254,True
cogact_base_simplerenv_fractal,original,250,167,66.8,44.776,7.566794323461596,168.99219053648375,44.776,99.94483674918907,True
cogact_base_simplerenv_fractal,temporal_fusion_conservative_adaptive,250,164,65.6,44.544,7.629496189427097,171.27999706867584,44.544,100.69108408942125,True
cogact_base_simplerenv_fractal,temporal_fusion_motion_entropy,250,162,64.8,44.672,7.881398392332252,176.42815169081868,44.672,104.7896856245518,True
cogact_base_simplerenv_fractal,temporal_fusion_task_aware,250,162,64.8,44.672,7.6419055687999355,171.06701219555728,44.672,100.2631184386294,True
cronusvla_simplerenv_bridge,action_repeat2,200,7,3.5,73.395,6.217341821056325,84.71069992583044,36.71,nan,True
cronusvla_simplerenv_bridge,action_repeat4,200,0,0.0,75.0,4.787981750485487,63.83975667313983,18.75,nan,True
cronusvla_simplerenv_bridge,depth_pruning1,200,71,35.5,50.025,6.110437909448519,122.14768434679699,50.025,nan,True
cronusvla_simplerenv_bridge,depth_pruning2,200,72,36.0,50.52,5.9995966700883585,118.75686203658667,50.52,nan,True
cronusvla_simplerenv_bridge,depth_pruning4,200,57,28.5,52.515,5.954271112928399,113.3822929244673,52.515,nan,True
cronusvla_simplerenv_bridge,fixed_foveation_keep20,200,73,36.5,48.92,7.137993226037943,145.91155408908304,48.92,nan,True
cronusvla_simplerenv_bridge,fixed_foveation_keep50,200,68,34.0,50.44,7.4117419048456945,146.94175069083454,50.44,nan,True
cronusvla_simplerenv_bridge,guarded_reuse_aggressive,200,72,36.0,49.975,4.402188988889102,88.08782368962684,49.04,nan,True
cronusvla_simplerenv_bridge,guarded_reuse_moderate,200,71,35.5,51.105,4.539694380185101,88.83072850376874,50.965,nan,True
cronusvla_simplerenv_bridge,guarded_reuse_strict,200,72,36.0,49.735,6.240088565689511,125.46674506262212,49.71,nan,True
cronusvla_simplerenv_bridge,original,200,68,34.0,50.555,6.3619297100120455,125.84175076673021,50.555,nan,True
cronusvla_simplerenv_bridge,temporal_fusion_conservative_adaptive,200,67,33.5,51.205,6.539456086359569,127.71127988203435,51.205,nan,True
cronusvla_simplerenv_bridge,temporal_fusion_motion_entropy,200,67,33.5,51.205,6.499092815404293,126.92301172550127,51.205,nan,True
cronusvla_simplerenv_bridge,temporal_fusion_task_aware,200,67,33.5,51.205,6.519702560698497,127.32550650714768,51.205,nan,True
cronusvla_simplerenv_fractal,action_repeat2,250,146,58.4,57.428,6.453213602398522,112.37050920106084,28.84,nan,True
cronusvla_simplerenv_fractal,action_repeat4,250,115,46.0,74.132,6.662592652434949,89.87471877778758,18.596,nan,True
cronusvla_simplerenv_fractal,depth_pruning1,250,141,56.4,50.168,7.666549450524151,152.8175221361057,50.168,nan,True
cronusvla_simplerenv_fractal,depth_pruning2,250,129,51.6,53.392,7.9871244899565355,149.5940307528569,53.392,nan,True
cronusvla_simplerenv_fractal,depth_pruning4,250,128,51.2,53.98,7.777655146835372,144.08401531743928,53.98,nan,True
cronusvla_simplerenv_fractal,fixed_foveation_keep20,250,136,54.4,51.368,9.158849387134426,178.29873437031665,51.368,nan,True
cronusvla_simplerenv_fractal,fixed_foveation_keep50,250,142,56.8,50.096,9.017108520665671,179.99657698550126,50.096,nan,True
cronusvla_simplerenv_fractal,guarded_reuse_aggressive,250,142,56.8,50.732,7.627688303438015,150.35260394697656,48.592,nan,True
cronusvla_simplerenv_fractal,guarded_reuse_moderate,250,137,54.8,51.872,7.934391401273198,152.9609693336135,50.988,nan,True
cronusvla_simplerenv_fractal,guarded_reuse_strict,250,136,54.4,51.928,7.951535101743415,153.1261574053192,51.572,nan,True
cronusvla_simplerenv_fractal,original,250,139,55.6,51.336,7.96347189439414,155.1245109551609,51.336,nan,True
cronusvla_simplerenv_fractal,temporal_fusion_conservative_adaptive,250,143,57.2,50.536,7.919859638250899,156.7171845466776,50.536,nan,True
cronusvla_simplerenv_fractal,temporal_fusion_motion_entropy,250,143,57.2,50.536,7.92869027073076,156.89192398944832,50.536,nan,True
cronusvla_simplerenv_fractal,temporal_fusion_task_aware,250,143,57.2,50.536,7.9015319404420445,156.3545183718942,50.536,nan,True
minivla_simplerenv,action_repeat2,200,60,30.0,66.94,6.63571937989851,99.12936032116089,33.545,98.00106431551299,True
minivla_simplerenv,action_repeat4,200,58,29.0,66.915,4.956035641364142,74.06464382222434,16.83,98.56058537079294,True
minivla_simplerenv,depth_pruning1,200,37,18.5,67.435,9.842238742049231,145.951490206113,67.435,95.82959349776488,True
minivla_simplerenv,depth_pruning2,200,0,0.0,75.0,10.343772069254774,137.91696092339697,75.0,91.8457490540711,True
minivla_simplerenv,depth_pruning4,200,0,0.0,75.0,9.843157677797862,131.24210237063818,75.0,85.52290744079704,True
minivla_simplerenv,fixed_foveation_keep20,200,56,28.0,63.365,10.152458043094812,160.22185817241083,63.365,103.55993934601095,True
minivla_simplerenv,fixed_foveation_keep50,200,70,35.0,62.91,9.83855332516745,156.39092871033938,62.91,98.54296928202507,True
minivla_simplerenv,guarded_reuse_aggressive,200,67,33.5,65.37,9.468221214549994,144.8404652677068,62.73,97.81584938015438,True
minivla_simplerenv,guarded_reuse_moderate,200,72,36.0,64.04,9.37004625739035,146.31552556824406,61.325,99.49526950110028,True
minivla_simplerenv,guarded_reuse_strict,200,77,38.5,62.65,9.117289300425035,145.52736313527592,60.69,97.38878122551152,True
minivla_simplerenv,original,200,72,36.0,63.84,9.541708303380437,149.46284936372865,63.84,97.84639455428851,True
minivla_simplerenv,temporal_fusion_conservative_adaptive,200,77,38.5,63.09,9.375054583184864,148.5981071989993,63.09,97.69986605903888,True
minivla_simplerenv,temporal_fusion_motion_entropy,200,78,39.0,61.165,9.167024273881397,149.8736904092438,61.165,98.77270679511902,True
minivla_simplerenv,temporal_fusion_task_aware,200,71,35.5,63.64,10.30910820229823,161.99101512096527,63.64,110.47549870729952,True
openvla_libero,action_repeat2,400,270,67.5,224.66,21.373985457313534,95.13925690961246,112.5,158.07176242742636,True
openvla_libero,action_repeat4,400,198,49.5,260.5325,14.451556544085616,55.469304382699335,65.3075,158.00639213032537,True
openvla_libero,depth_pruning1,400,272,68.0,221.015,37.551166015592756,169.90324645654255,221.015,153.2436053342954,True
openvla_libero,depth_pruning2,400,239,59.75,232.49,38.64953396482102,166.2417048682568,232.49,149.5973919281821,True
openvla_libero,depth_pruning4,400,180,45.0,265.0475,41.49029652241239,156.53909779346114,265.0475,140.18254869945892,True
openvla_libero,fixed_foveation_keep20,400,223,55.75,242.1275,43.6246998925347,180.1724293710326,242.1275,158.16062819813175,True
openvla_libero,fixed_foveation_keep50,400,288,72.0,215.795,38.97986788330949,180.63378615495952,215.795,158.52213849611383,True
openvla_libero,guarded_reuse_aggressive,400,284,71.0,216.97,34.43337227345881,158.70107514153483,195.16,157.7476692590751,True
openvla_libero,guarded_reuse_moderate,400,276,69.0,217.2325,36.122333394112644,166.2842042241039,206.005,157.7329363096669,True
openvla_libero,guarded_reuse_strict,400,289,72.25,214.405,36.263758679104505,169.136721061097,206.6575,158.02218797088062,True
openvla_libero,original,400,296,74.0,213.545,37.22353015437868,174.3123470667947,213.545,157.8054784370654,True
openvla_libero,temporal_fusion_conservative_adaptive,300,238,79.33333333333333,154.60333333333332,27.355208352510427,176.93802431498088,154.60333333333332,159.19602405755134,False
openvla_libero,temporal_fusion_motion_entropy,400,291,72.75,215.66,37.678963378741464,174.71465908718105,215.66,158.0297090724214,True
openvla_libero,temporal_fusion_task_aware,400,284,71.0,218.715,40.97491682021471,187.34388048471624,218.715,170.61795111714656,True
openvla_simplerenv,action_repeat2,200,56,28.0,60.495,7.878740279149616,130.23787551284596,30.33,158.1608506318182,True
openvla_simplerenv,action_repeat4,200,29,14.5,68.41,6.183165730198869,90.38394577106956,17.165,159.42736985707205,True
openvla_simplerenv,depth_pruning1,200,87,43.5,51.655,10.564920968037159,204.52852517737216,51.655,154.7416107030005,True
openvla_simplerenv,depth_pruning2,200,95,47.5,51.25,10.220284122570016,199.42017800136614,51.25,149.30575434975188,True
openvla_simplerenv,depth_pruning4,200,75,37.5,53.795,10.224570159061257,190.0654365472861,53.795,140.37873237898827,True
openvla_simplerenv,fixed_foveation_keep20,200,45,22.5,65.24,14.099579503313025,216.11863125863007,65.24,158.22429486634638,True
openvla_simplerenv,fixed_foveation_keep50,200,60,30.0,62.515,13.605177445865014,217.63060778797112,62.515,159.1774708128868,True
openvla_simplerenv,guarded_reuse_aggressive,200,82,41.0,52.695,10.515618982567307,199.5562953329027,49.39,158.38972541510915,True
openvla_simplerenv,guarded_reuse_moderate,200,83,41.5,52.115,10.495268396839162,201.38671009957136,49.605,158.47342330136087,True
openvla_simplerenv,guarded_reuse_strict,200,91,45.5,49.685,10.06930605712083,202.6628973960115,47.845,158.3349071240857,True
openvla_simplerenv,original,200,87,43.5,50.91,10.700440274944793,210.18346641022967,50.91,159.57960777645044,True
openvla_simplerenv,temporal_fusion_conservative_adaptive,200,96,48.0,48.52,10.104297428672615,208.25015310537128,48.52,158.17756004305076,True
openvla_simplerenv,temporal_fusion_motion_entropy,200,82,41.0,54.84,11.458235841187165,208.9393844126033,54.84,158.3585483765832,True
openvla_simplerenv,temporal_fusion_task_aware,200,101,50.5,50.53,11.233703636114626,222.31750714653919,50.53,171.70893201371834,True
openvla_simplerenv_fractal,action_repeat2,250,100,40.0,62.912,10.005275023221039,159.03603482993768,31.556,160.02713936073926,True
openvla_simplerenv_fractal,action_repeat4,250,89,35.6,67.02,7.973426251795608,118.9708482810446,16.896,161.2461886090221,True
openvla_simplerenv_fractal,depth_pruning1,250,96,38.4,62.836,14.863300683307461,236.54116562651126,62.836,156.02428508616305,True
openvla_simplerenv_fractal,depth_pruning2,250,102,40.8,61.856,14.268921439366416,230.67966631153672,61.856,150.84087080775402,True
openvla_simplerenv_fractal,depth_pruning4,250,92,36.8,62.8,14.019360548780766,223.23822529905678,62.8,142.77329039721377,True
openvla_simplerenv_fractal,fixed_foveation_keep20,250,19,7.6,76.296,18.993780783866068,248.94857900631837,76.296,168.05671259131577,True
openvla_simplerenv_fractal,fixed_foveation_keep50,250,61,24.4,68.236,17.02163836965291,249.452464529763,68.236,164.7586513442748,True
openvla_simplerenv_fractal,guarded_reuse_aggressive,250,88,35.2,64.248,15.078283533490728,234.68876126090663,61.756,160.7037308367605,True
openvla_simplerenv_fractal,guarded_reuse_moderate,250,91,36.4,64.196,15.191486898327712,236.6422658472134,62.592,160.43963428777892,True
openvla_simplerenv_fractal,guarded_reuse_strict,250,90,36.0,64.292,15.155020692730323,235.72171798560197,62.828,159.67054986933624,True
openvla_simplerenv_fractal,original,250,89,35.6,64.312,15.415911651297007,239.7050573967068,64.312,160.4307802654088,True
openvla_simplerenv_fractal,temporal_fusion_conservative_adaptive,250,92,36.8,63.272,15.201439476215281,240.25539695624101,63.272,160.12918804261585,True
openvla_simplerenv_fractal,temporal_fusion_motion_entropy,250,105,42.0,62.028,15.050546760107856,242.6411743101157,62.028,161.4726245443574,True
openvla_simplerenv_fractal,temporal_fusion_task_aware,250,106,42.4,61.436,15.604731843205169,253.99980212261815,61.436,173.6195948603589,True
smolvla_libero,action_repeat2,400,257,64.25,231.2175,35.38376250719099,153.03237214826294,115.7725,276.8490737749883,True
smolvla_libero,action_repeat4,400,185,46.25,264.8225,21.87766364667536,82.61255613354363,66.37,273.69140128725167,True
smolvla_libero,depth_pruning1,400,206,51.5,257.9725,75.63548965199588,293.1920636966959,257.9725,278.0067072166455,True
smolvla_libero,depth_pruning2,400,134,33.5,284.2775,82.32922922700516,289.60867190335205,284.2775,274.3749044038781,True
smolvla_libero,depth_pruning4,400,70,17.5,308.8975,80.8256468790017,261.6584688416115,308.8975,246.70195887743947,True
smolvla_libero,fixed_foveation_keep20,400,214,53.5,251.7,77.18636227851356,306.66016002587827,251.7,277.68209291139107,True
smolvla_libero,fixed_foveation_keep50,400,245,61.25,239.665,73.71722758502496,307.58445156791754,239.665,277.87253363057755,True
smolvla_libero,guarded_reuse_aggressive,400,293,73.25,216.0425,60.509015647270274,280.0792235197717,211.07,271.44178152045,True
smolvla_libero,guarded_reuse_moderate,400,280,70.0,221.765,60.6928414749375,273.68088505822607,220.855,260.35622700989586,True
smolvla_libero,guarded_reuse_strict,400,285,71.25,218.3375,62.44322874396707,285.99406306276785,218.065,271.59033747676534,True
smolvla_libero,original,400,292,73.0,217.795,63.42326818015892,291.206263597231,217.795,275.6664264149697,True
smolvla_libero,temporal_fusion_conservative_adaptive,400,289,72.25,215.23,61.10542370912059,283.9075580036268,215.23,269.3629925688992,True
smolvla_libero,temporal_fusion_motion_entropy,400,291,72.75,214.6375,61.614514552481985,287.0631392579674,214.6375,272.3800537433112,True
smolvla_libero,temporal_fusion_task_aware,400,285,71.25,218.2075,59.713239966275175,273.65347188467484,218.2075,259.44273185008245,True
spatialvla_simplerenv_bridge,action_repeat2,200,82,41.0,49.375,11.607235932344997,235.08325938926575,24.85,387.63779812535046,True
spatialvla_simplerenv_bridge,action_repeat4,200,58,29.0,62.4,8.60318289797923,137.87152080094924,15.78,384.7102512942545,True
spatialvla_simplerenv_bridge,depth_pruning1,200,77,38.5,49.705,20.304426875654425,408.4986797234569,49.705,368.9779687559768,True
spatialvla_simplerenv_bridge,depth_pruning2,200,56,28.0,55.32,21.976786458734605,397.2665664991794,55.32,357.877227026173,True
spatialvla_simplerenv_bridge,depth_pruning4,200,28,14.0,70.88,26.548019783900102,374.5488118496064,70.88,335.5657923518576,True
spatialvla_simplerenv_bridge,fixed_foveation_keep20,200,100,50.0,45.565,20.315350796640306,445.8542915975048,45.565,384.6021152681304,True
spatialvla_simplerenv_bridge,fixed_foveation_keep50,200,89,44.5,46.06,20.53293205016643,445.78662722897155,46.06,381.8441612816745,True
spatialvla_simplerenv_bridge,guarded_reuse_aggressive,200,91,45.5,45.125,19.071645507409052,422.64034365449425,44.935,384.56828961505715,True
spatialvla_simplerenv_bridge,guarded_reuse_moderate,200,90,45.0,45.11,19.17646613113579,425.1045473539301,45.08,385.2172186149739,True
spatialvla_simplerenv_bridge,guarded_reuse_strict,200,90,45.0,45.145,19.07946669268496,422.6263527009626,45.135,382.5255157714648,True
spatialvla_simplerenv_bridge,original,200,90,45.0,45.145,19.122057479139194,423.5697747068157,45.145,384.7625891271544,True
spatialvla_simplerenv_bridge,temporal_fusion_conservative_adaptive,200,90,45.0,45.69,19.476645226129992,426.27807454869765,45.69,385.82183380543125,True
spatialvla_simplerenv_bridge,temporal_fusion_motion_entropy,200,92,46.0,45.335,19.40548606997442,428.04645571797556,45.335,387.8690509954396,True
spatialvla_simplerenv_bridge,temporal_fusion_task_aware,200,88,44.0,45.475,19.408235464160985,426.7891251052443,45.475,387.30371863838445,True
spatialvla_simplerenv_fractal,action_repeat2,250,148,59.2,50.404,13.252074872891418,262.91712707109394,25.34,379.3483810688956,True
spatialvla_simplerenv_fractal,action_repeat4,250,74,29.6,65.88,10.93539308026014,165.98957316727595,16.6,377.9985808231307,True
spatialvla_simplerenv_fractal,depth_pruning1,250,135,54.0,50.636,22.02787632823596,435.0240210173781,50.636,364.6259216352117,True
spatialvla_simplerenv_fractal,depth_pruning2,250,142,56.8,50.74,21.63601667739218,426.40947334237643,50.74,355.47566890425077,True
spatialvla_simplerenv_fractal,depth_pruning4,250,108,43.2,55.348,22.088624971104785,399.0862356562981,55.348,328.6421300763162,True
spatialvla_simplerenv_fractal,fixed_foveation_keep20,250,138,55.2,48.748,23.154642454503104,474.986511333862,48.748,380.27873743452176,True
spatialvla_simplerenv_fractal,fixed_foveation_keep50,250,143,57.2,49.148,23.51170524630649,478.3857989400686,49.148,380.59102870027874,True
spatialvla_simplerenv_fractal,guarded_reuse_aggressive,250,147,58.8,49.932,22.020715754888485,441.01409426597144,48.732,379.0242197244593,True
spatialvla_simplerenv_fractal,guarded_reuse_moderate,250,150,60.0,49.436,22.092420922118706,446.8893300857413,49.024,378.823746760011,True
spatialvla_simplerenv_fractal,guarded_reuse_strict,250,148,59.2,49.612,22.157390314066316,446.6135272528081,49.356,377.56034535909043,True
spatialvla_simplerenv_fractal,original,250,148,59.2,49.576,22.306730741351377,449.95019245908054,49.576,378.7100208876801,True
spatialvla_simplerenv_fractal,temporal_fusion_conservative_adaptive,250,148,59.2,49.66,22.471491281571332,452.5068723634984,49.66,380.5334295557348,True
spatialvla_simplerenv_fractal,temporal_fusion_motion_entropy,250,145,58.0,49.416,22.31013952443097,451.47603052515313,49.416,380.74045594445715,True
spatialvla_simplerenv_fractal,temporal_fusion_task_aware,250,150,60.0,47.708,21.632067879921756,453.42642491661263,47.708,382.1923216374261,True
univla_libero,action_repeat2,400,109,27.25,296.075,11.525645373198786,38.928127579832086,14.93,499.07636930385144,True
univla_libero,action_repeat4,400,2,0.5,329.33,8.699635567374935,26.416164841875734,8.485,506.97280032382963,True
univla_libero,depth_pruning1,400,376,94.0,164.7175,10.210691795828462,61.989113456848614,16.8775,470.69802809917206,True
univla_libero,depth_pruning2,400,366,91.5,167.2575,10.210362668356684,61.04576875988631,17.15,460.711556131515,True
univla_libero,depth_pruning4,400,356,89.0,177.71,10.343429903299548,58.20398347475971,18.1575,434.71097576676976,True
univla_libero,fixed_foveation_keep20,400,364,91.0,164.0,10.529111102418973,64.20189696596935,16.7775,485.7692731814433,True
univla_libero,fixed_foveation_keep50,400,382,95.5,158.0375,10.15339144093945,64.24672271416246,16.22,484.794395162853,True
univla_libero,guarded_reuse_aggressive,400,369,92.25,164.48,10.29545397805574,62.59395657864627,16.81,480.8785611678103,True
univla_libero,guarded_reuse_moderate,400,370,92.5,164.14,10.41754008203803,63.46740637284044,16.8075,484.8663058755239,True
univla_libero,guarded_reuse_strict,400,370,92.5,164.0125,10.403453104087385,63.430854990243944,16.795,484.90879540306014,True
univla_libero,original,400,369,92.25,164.2675,10.422952030903543,63.45109063511372,16.8375,484.09439793225437,True
univla_libero,temporal_fusion_conservative_adaptive,400,369,92.25,164.3125,10.270534527588753,62.50610591153291,16.8375,479.45541921066524,True
univla_libero,temporal_fusion_motion_entropy,400,367,91.75,167.595,10.520218250219186,62.77167129221747,17.15,482.28521983238664,True
univla_libero,temporal_fusion_task_aware,400,369,92.25,165.25,11.487832527904539,69.51789729442989,16.9175,548.0452448413545,True
univla_simplerenv_bridge,action_repeat2,200,25,12.5,71.93,8.160691168459602,113.45323465118314,7.25,705.7954267637152,True
univla_simplerenv_bridge,action_repeat4,200,6,3.0,74.515,5.854771496164258,78.57171705246269,3.74,721.3746377811214,True
univla_simplerenv_bridge,depth_pruning1,200,164,82.0,32.45,6.009775608766214,185.20109734256437,6.81,687.4808874550508,True
univla_simplerenv_bridge,depth_pruning2,200,164,82.0,31.635,5.775090723769827,182.55383985363764,6.635,676.6101353872947,True
univla_simplerenv_bridge,depth_pruning4,200,163,81.5,32.315,5.593294788400027,173.08664051988325,6.765,634.8677750741875,True
univla_simplerenv_bridge,fixed_foveation_keep20,200,158,79.0,34.565,6.631407527502085,191.8532483003641,7.185,704.923445346375,True
univla_simplerenv_bridge,fixed_foveation_keep50,200,146,73.0,37.365,7.084363341224429,189.59891184863986,7.75,696.2763699603746,True
univla_simplerenv_bridge,guarded_reuse_aggressive,200,173,86.5,30.56,5.824524185963697,190.59306891242463,6.435,710.7518369361956,True
univla_simplerenv_bridge,guarded_reuse_moderate,200,175,87.5,30.065,5.698836427156796,189.55052144210197,6.345,707.7182290414697,True
univla_simplerenv_bridge,guarded_reuse_strict,200,175,87.5,30.21,5.772156099545169,191.06772921367656,6.375,709.8740596688564,True
univla_simplerenv_bridge,original,200,175,87.5,30.21,5.766004692219787,190.86410765374998,6.375,709.7220903343563,True
univla_simplerenv_bridge,temporal_fusion_conservative_adaptive,200,175,87.5,30.21,5.787509965940462,191.57596709501695,6.375,712.5827347422352,True
univla_simplerenv_bridge,temporal_fusion_motion_entropy,200,164,82.0,31.62,5.965377531455713,188.65836595369112,6.625,710.3291713688617,True
univla_simplerenv_bridge,temporal_fusion_task_aware,200,164,82.0,31.6,6.435491961136881,203.65480889673677,6.685,797.4911807066009,True
